SpectralCentroidOverallStandardDeviation,SpectralRolloffPointOverallStandardDeviation,SpectralFluxOverallStandardDeviation,CompactnessOverallStandardDeviation,SpectralVariabilityOverallStandardDeviation,RootMeanSquareOverallStandardDeviation,FractionOfLowEnergyWindowsOverallStandardDeviation,ZeroCrossingsOverallStandardDeviation,StrongestBeatOverallStandardDeviation,BeatSumOverallStandardDeviation,StrengthOfStrongestBeatOverallStandardDeviation,LPCOverallStandardDeviation/v/0,LPCOverallStandardDeviation/v/1,LPCOverallStandardDeviation/v/2,LPCOverallStandardDeviation/v/3,LPCOverallStandardDeviation/v/4,LPCOverallStandardDeviation/v/5,LPCOverallStandardDeviation/v/6,LPCOverallStandardDeviation/v/7,LPCOverallStandardDeviation/v/8,LPCOverallStandardDeviation/v/9,MethodofMomentsOverallStandardDeviation/v/0,MethodofMomentsOverallStandardDeviation/v/1,MethodofMomentsOverallStandardDeviation/v/2,MethodofMomentsOverallStandardDeviation/v/3,MethodofMomentsOverallStandardDeviation/v/4,AreaMethodofMomentsofMFCCsOverallStandardDeviation/v/0,AreaMethodofMomentsofMFCCsOverallStandardDeviation/v/1,AreaMethodofMomentsofMFCCsOverallStandardDeviation/v/2,AreaMethodofMomentsofMFCCsOverallStandardDeviation/v/3,AreaMethodofMomentsofMFCCsOverallStandardDeviation/v/4,AreaMethodofMomentsofMFCCsOverallStandardDeviation/v/5,AreaMethodofMomentsofMFCCsOverallStandardDeviation/v/6,AreaMethodofMomentsofMFCCsOverallStandardDeviation/v/7,AreaMethodofMomentsofMFCCsOverallStandardDeviation/v/8,AreaMethodofMomentsofMFCCsOverallStandardDeviation/v/9,SpectralCentroidOverallAverage,SpectralRolloffPointOverallAverage,SpectralFluxOverallAverage,CompactnessOverallAverage,SpectralVariabilityOverallAverage,RootMeanSquareOverallAverage,FractionOfLowEnergyWindowsOverallAverage,ZeroCrossingsOverallAverage,StrongestBeatOverallAverage,BeatSumOverallAverage,StrengthOfStrongestBeatOverallAverage,LPCOverallAverage/v/0,LPCOverallAverage/v/1,LPCOverallAverage/v/2,LPCOverallAverage/v/3,LPCOverallAverage/v/4,LPCOverallAverage/v/5,LPCOverallAverage/v/6,LPCOverallAverage/v/7,LPCOverallAverage/v/8,LPCOverallAverage/v/9,MethodofMomentsOverallAverage/v/0,MethodofMomentsOverallAverage/v/1,MethodofMomentsOverallAverage/v/2,MethodofMomentsOverallAverage/v/3,MethodofMomentsOverallAverage/v/4,AreaMethodofMomentsofMFCCsOverallAverage/v/0,AreaMethodofMomentsofMFCCsOverallAverage/v/1,AreaMethodofMomentsofMFCCsOverallAverage/v/2,AreaMethodofMomentsofMFCCsOverallAverage/v/3,AreaMethodofMomentsofMFCCsOverallAverage/v/4,AreaMethodofMomentsofMFCCsOverallAverage/v/5,AreaMethodofMomentsofMFCCsOverallAverage/v/6,AreaMethodofMomentsofMFCCsOverallAverage/v/7,AreaMethodofMomentsofMFCCsOverallAverage/v/8,AreaMethodofMomentsofMFCCsOverallAverage/v/9,label
9.436,0.08895,0.00299,194.4,0.001658,0.05837,0.09959,25.75,48.12,165.2,0.0002792,0.06757,0.2942,0.219,0.1278,0.1471,0.1335,0.1188,0.1288,0.113,0,0.09791,16.38,1295,99830,18260000,0.6554,3643,36850,47460000,485300000,4959000000,1138000000000,4370000000,44680000000,1223000000000000,13.93,0.07993,0.001221,1696,0.003378,0.1324,0.5612,39.9,190.8,476.7,0.009335,-0.9536,0.2872,-0.008628,0.1638,0.1037,0.1305,0.03779,0.0161,0.08487,0,0.2814,44.4,3505,347300,64320000,2.815,6310,65990,-53040000,-550200000,-5703000000,1004000000000,4955000000,51410000000,1106000000000000,Calm
11.16,0.1023,0.002481,212.6,0.001677,0.06316,0.05664,25.48,7.383,121.5,0.0003847,0.0667,0.3529,0.2673,0.2159,0.1905,0.1624,0.1503,0.141,0.1308,0,0.1625,17.72,1495,113200,22200000,1.1,3646,44050,47530000,558600000,6553000000,1141000000000,5028000000,59020000000,1821000000000000,19.41,0.1121,0.001537,1643,0.003399,0.1351,0.5411,49.72,219.8,501.9,0.009621,-0.9317,0.3557,-0.003425,0.09871,0.09262,0.01264,0.02896,0.02656,0.01923,0,0.3214,50.23,3609,330600,62340000,3.219,6314,70880,-53110000,-607600000,-6954000000,1006000000000,5467000000,62620000000,1543000000000000,Calm
14.23,0.1303,0.003181,211.1,0.001932,0.06898,0.05452,32.69,14.59,254.5,0.0002208,0.09695,0.302,0.2183,0.1621,0.1705,0.153,0.1568,0.1377,0.1254,0,0.1541,15.64,1187,111200,19150000,1.078,3644,48940,47490000,640100000,8625000000,1140000000000,5755000000,77570000000,2792000000000000,20.86,0.1306,0.002378,1661,0.004645,0.1868,0.5248,56.67,217.3,933.2,0.009117,-0.9099,0.1938,-0.07962,0.04579,0.05949,0.06961,0.04276,0.006164,0.04526,0,0.4683,59.58,4368,357900,69890000,4.685,6312,86500,-53080000,-723800000,-9865000000,1005000000000,6508000000,88750000000,2522000000000000,Calm
19.71,0.1533,0.001067,241.1,0.001127,0.04479,0.05275,37.13,20.82,76.5,0.0003394,0.1608,0.2331,0.2125,0.1722,0.157,0.1515,0.1443,0.147,0.1267,0,0.1614,18.24,993.8,98340,14560000,1.162,3645,49750,47090000,636200000,8587000000,1124000000000,5701000000,76980000000,2729000000000000,25.37,0.1821,0.0008914,1651,0.002548,0.1056,0.5182,62.11,212.3,292.4,0.009385,-0.8705,0.394,-0.3643,0.1074,-0.08876,0.0241,-0.001943,0.04658,0.026,0,0.3155,57.15,3209,212300,41940000,3.153,6254,81690,-52350000,-691600000,-9138000000,986500000000,6191000000,81840000000,2320000000000000,Calm
9.608,0.07917,0.001876,181.9,0.001568,0.05744,0.05612,22.29,14.23,122.5,0.0003824,0.05862,0.3663,0.2641,0.175,0.1419,0.1469,0.14,0.1248,0.1028,0,0.137,16.35,1605,128900,26570000,1.003,3643,38520,47500000,490400000,5056000000,1140000000000,4411000000,45500000000,1242000000000000,15.1,0.09443,0.001709,1695,0.004295,0.1702,0.5402,43.04,216,795.3,0.00923,-0.9492,0.3753,-0.09357,0.05887,-0.01148,0.01377,0.03762,-0.005878,0.02321,0,0.4026,45.01,3274,303800,56490000,4.027,6315,62860,-53110000,-536900000,-5427000000,1005000000000,4825000000,48820000000,1058000000000000,Calm
12.01,0.1149,0.001985,238.6,0.001625,0.06053,0.04871,27.95,24.22,168.7,0.0004382,0.08484,0.3432,0.21,0.1648,0.1351,0.1397,0.1192,0.113,0.1034,0,0.1524,18.44,1496,108900,21120000,1.009,3642,42450,47410000,549600000,6370000000,1137000000000,4928000000,57140000000,1779000000000000,16.77,0.1051,0.001108,1640,0.002645,0.1061,0.5535,48.25,187.6,329.3,0.009482,-0.9334,0.2669,-0.04771,0.06304,0.005203,0.07167,0.0364,0.04737,0.05046,0,0.2667,49.84,3678,327000,62050000,2.67,6304,72200,-52950000,-609300000,-7004000000,1001000000000,5464000000,62870000000,1532000000000000,Calm
9.838,0.092,0.0008655,260.4,0.001116,0.04239,0.07121,21.72,55.58,80.3,0.0005715,0.08154,0.2682,0.2493,0.1414,0.1321,0.1285,0.13,0.1443,0.1083,0,0.1093,16.29,1281,105500,20080000,0.8088,3642,35490,47150000,454000000,4367000000,1126000000000,4073000000,39200000000,994900000000000,13.25,0.08223,0.0005169,1716,0.002193,0.08682,0.5235,36.13,166.1,221,0.009442,-0.9511,0.3552,-0.05291,0.1215,0.07292,0.03301,-0.01309,-0.008177,0.04024,0,0.2013,41.04,2998,296200,53850000,2.017,6264,59470,-52460000,-501400000,-4788000000,989200000000,4483000000,42860000000,869000000000000,Calm
16.39,0.1389,0.001899,259.2,0.001604,0.05947,0.05772,37.23,45,94.87,0.0004143,0.113,0.3099,0.2088,0.1709,0.1549,0.1405,0.1374,0.1558,0.1327,0,0.1089,18.85,1270,87930,16760000,0.8329,3644,40300,47590000,528200000,5859000000,1144000000000,4765000000,52880000000,1565000000000000,19.43,0.1265,0.0006293,1667,0.002,0.07904,0.619,48.65,182.8,173.6,0.009842,-0.9207,0.3474,-0.1029,0.1717,-0.03274,-0.01092,0.05652,0.02722,0.02899,0,0.1675,49.39,3331,286000,52710000,1.673,6325,71350,-53250000,-597800000,-6705000000,1009000000000,5400000000,60630000000,1413000000000000,Calm
13.74,0.1337,0.001237,270.4,0.001273,0.04677,0.06564,29.19,15,112.3,0.0003111,0.1064,0.2992,0.2101,0.1847,0.1866,0.1503,0.1397,0.1348,0.1245,0,0.1215,16.43,1251,84050,16240000,0.7383,3643,44630,47480000,579400000,7068000000,1139000000000,5221000000,63720000000,2062000000000000,20.87,0.1283,0.001053,1645,0.002891,0.1167,0.5117,52.18,213,361.6,0.009323,-0.918,0.3636,-0.1351,0.08825,0.1743,0.05286,0.02102,0.06446,0.05219,0,0.3009,52.69,3482,296700,56190000,3.009,6313,76540,-53080000,-645400000,-7840000000,1005000000000,5817000000,70720000000,1810000000000000,Calm
12.42,0.1174,0.002325,226.3,0.001804,0.06722,0.06306,28.97,18.86,238.7,0.0003943,0.1022,0.2677,0.2431,0.1789,0.2081,0.158,0.1328,0.137,0.1341,0,0.151,16,1138,80370,15750000,1.183,3645,45440,46980000,591800000,7453000000,1119000000000,5305000000,66840000000,2259000000000000,22.85,0.1548,0.001407,1689,0.003491,0.1402,0.5496,62.39,214.4,557.9,0.009475,-0.8978,0.3571,-0.146,0.04337,0.01568,0.02842,0.0173,0.006083,0.00838,0,0.3541,55.27,3738,304000,57950000,3.547,6238,78480,-52150000,-654700000,-8212000000,981600000000,5850000000,73430000000,1942000000000000,Calm
21.29,0.1668,0.004702,200.2,0.002403,0.08798,0.05546,42.71,17.45,129.6,0.0007196,0.1732,0.3157,0.2271,0.1723,0.1518,0.1463,0.1454,0.1065,0.08925,0,0.1961,27.35,1773,161000,24620000,1.259,3648,40320,47500000,534800000,6015000000,1140000000000,4794000000,53960000000,1641000000000000,14.11,0.08787,0.002343,1603,0.003417,0.1356,0.6496,37.69,210.6,495.3,0.01023,-0.9259,0.1055,0.016,0.08763,0.04411,0.1095,0.08168,0.06723,0.05294,0,0.2806,47.24,3890,348100,70710000,2.807,6308,71840,-53050000,-599800000,-6776000000,1004000000000,5366000000,60680000000,1442000000000000,Calm
11.18,0.1065,0.003262,230.2,0.002173,0.08086,0.05636,25.97,16.8,314.1,0.0002885,0.079,0.3178,0.2307,0.1788,0.1901,0.1586,0.1618,0.1519,0.1344,0,0.1868,16.03,1295,99180,19920000,1.397,3644,38240,47510000,499900000,5258000000,1140000000000,4493000000,47280000000,1334000000000000,17.14,0.1041,0.002655,1658,0.004789,0.1905,0.513,45.04,214.7,1011,0.009262,-0.9397,0.4021,-0.05102,0.05514,0.02221,0.07367,0.007598,0.05263,0.09608,0,0.4474,46.44,3207,298100,55290000,4.479,6314,66060,-53100000,-556100000,-5817000000,1005000000000,4996000000,52320000000,1157000000000000,Calm
25.01,0.1996,0.002278,208.3,0.001719,0.06654,0.07294,51.19,14.94,196.4,0.0005161,0.2006,0.3152,0.2415,0.2267,0.2039,0.1886,0.1659,0.1631,0.1657,0,0.1938,21.02,1285,100300,16850000,1.581,3641,58700,47340000,747400000,11800000000,1134000000000,6712000000,106000000000,4472000000000000,40.97,0.2723,0.001412,1621,0.002654,0.1098,0.5405,95.05,218.1,334.3,0.00953,-0.7801,0.3633,-0.2046,0.1073,0.0006005,0.1197,0.003702,0.1141,-0.006634,0,0.3092,71.66,3885,211200,47320000,3.094,6298,94080,-52870000,-805500000,-12280000000,999200000000,7232000000,110300000000,3644000000000000,Calm
13.76,0.1148,0.003001,235.5,0.00206,0.07782,0.07022,30.64,26.17,204.3,0.0004143,0.09749,0.3412,0.1748,0.1461,0.1326,0.1287,0.1404,0.1288,0.1139,0,0.2194,20.66,1647,123800,23250000,1.699,3643,42130,47450000,541700000,6186000000,1138000000000,4881000000,55780000000,1703000000000000,15.41,0.09301,0.00154,1758,0.003613,0.1443,0.562,44.88,209.3,607.5,0.009323,-0.9342,0.1597,0.02753,0.04547,-0.0002472,0.0221,0.02812,0.01928,0.03456,0,0.3608,50.56,4015,363000,70300000,3.616,6305,68460,-52990000,-584600000,-6453000000,1002000000000,5268000000,58200000000,1385000000000000,Calm
16.95,0.157,0.001205,242.7,0.0007374,0.02819,0.05347,34.17,34.84,10.22,0.0001297,0.1432,0.2669,0.2617,0.1617,0.183,0.152,0.1526,0.1347,0.1049,0,0.1026,20.42,1198,118500,15020000,0.4722,3645,51530,47480000,671700000,9496000000,1139000000000,6038000000,85400000000,3223000000000000,22.48,0.1489,0.0004991,1736,0.001775,0.073,0.5982,59.17,184,141.2,0.009079,-0.8905,0.1784,-0.08832,0.03813,0.1832,0.08855,-0.007385,0.01233,-0.007526,0,0.2003,58.44,4299,352000,70930000,2.006,6309,88570,-53040000,-746100000,-10490000000,1004000000000,6706000000,94320000000,2803000000000000,Calm
10.99,0.09156,0.004522,209,0.001949,0.0707,0.07055,24.22,44.41,117.7,0.0003235,0.08006,0.2992,0.261,0.1617,0.1388,0.1867,0.1489,0.1306,0.1403,0,0.1499,15.59,1182,99480,17290000,0.9162,3645,40300,47460000,519200000,5677000000,1138000000000,4668000000,51060000000,1481000000000000,15.52,0.09041,0.002104,1665,0.003882,0.153,0.5961,43.52,130.3,645,0.009375,-0.9441,0.3475,-0.07052,0.0121,0.01083,0.08596,0.01985,0.01963,0.03213,0,0.3496,47.91,3599,337900,63280000,3.5,6305,68190,-52990000,-576500000,-6265000000,1003000000000,5181000000,56350000000,1296000000000000,Calm
9.675,0.08661,0.00556,239.8,0.002265,0.0826,0.04396,21.49,9.552E-12,98.68,0.0004891,0.07158,0.3409,0.2361,0.1578,0.1253,0.1166,0.11,0.1188,0.1046,0,0.1984,18.07,1576,129800,23890000,0.9946,3645,37210,47400000,476000000,4771000000,1136000000000,4275000000,42890000000,1125000000000000,11.44,0.06462,0.003061,1679,0.004039,0.1597,0.6543,33.19,220.6,694.5,0.01078,-0.9616,0.2951,-0.0526,0.06234,0.04496,0.07378,0.02183,0.04601,0.0286,0,0.3534,42,3269,313300,58640000,3.541,6297,60300,-52900000,-514800000,-5012000000,1000000000000,4620000000,45040000000,948300000000000,Calm
24.88,0.1907,0.0004479,227.3,0.0007953,0.02991,0.05674,53.24,16.16,31.85,0.0003999,0.1971,0.2615,0.2425,0.2039,0.1621,0.1745,0.1395,0.1427,0.1442,0,0.08664,21.01,1089,90790,12800000,0.5838,3643,51080,47460000,663400000,9272000000,1139000000000,5972000000,83490000000,3084000000000000,30.56,0.2201,0.0003576,1640,0.001451,0.0592,0.4904,75.37,179.1,99.84,0.009564,-0.8356,0.3818,-0.3565,0.09733,-0.04317,0.07315,-0.01125,0.06905,0.04175,0,0.1628,60.78,3395,204500,42500000,1.631,6308,85560,-53020000,-725100000,-9919000000,1003000000000,6524000000,89300000000,2614000000000000,Calm
12.09,0.1123,0.002671,256.4,0.001836,0.06787,0.0753,28.75,43.97,67.16,0.0006992,0.08047,0.367,0.2996,0.2409,0.182,0.1644,0.1655,0.15,0.1264,0,0.1089,16.58,1640,134800,28250000,0.6265,3647,34880,47530000,456200000,4383000000,1141000000000,4108000000,39490000000,1022000000000000,18.99,0.1144,0.001323,1721,0.002767,0.1085,0.6614,46.9,150.5,310.1,0.009979,-0.935,0.4971,-0.1178,0.08388,0.0865,0.077,-0.001112,0.08092,0.01105,0,0.2204,42.81,2689,253200,46570000,2.206,6311,59070,-53090000,-499500000,-4700000000,1005000000000,4495000000,42330000000,849700000000000,Calm
23.48,0.2253,0.00138,245.7,0.001769,0.06869,0.05789,48.12,19.71,216.1,0.0009655,0.2079,0.3642,0.2288,0.1928,0.1596,0.1611,0.1496,0.1395,0.1264,0,0.1955,24.18,1584,134900,19400000,1.667,3638,64590,46140000,815000000,14400000000,1087000000000,7296000000,128900000000,5925000000000000,34.05,0.2472,0.001025,1618,0.002715,0.1122,0.5243,85.16,212.9,395.9,0.009839,-0.7943,0.08976,-0.1367,0.02974,-0.0249,0.03037,0.05022,0.09272,0.08554,0,0.3295,75.2,4917,264600,65450000,3.294,6125,108800,-50710000,-900700000,-15990000000,945300000000,8041000000,142800000000,5280000000000000,Calm
9.193,0.07533,0.00226,211,0.001941,0.07109,0.0594,22.86,6.913,197.6,0.0006156,0.08668,0.2761,0.2424,0.1841,0.1501,0.1294,0.1204,0.121,0.1117,0,0.1309,16.71,1448,125700,23760000,0.9009,3647,34330,47190000,445300000,4199000000,1127000000000,3986000000,37610000000,953700000000000,11.42,0.05689,0.001304,1672,0.003632,0.141,0.5341,31.38,206.1,543.9,0.009898,-0.9616,0.2776,-0.06691,0.1733,0.1516,0.1398,0.07848,0.1199,0.07455,0,0.2692,42.18,3358,325500,59490000,2.695,6264,59460,-52490000,-497300000,-4706000000,990300000000,4438000000,42050000000,837400000000000,Calm
41.28,0.3287,0.001327,220.1,0.0009333,0.03632,0.06138,78.48,3.165,12.63,0.0008272,0.3496,0.3432,0.2101,0.1735,0.1795,0.1389,0.1234,0.1113,0.1054,0,0.135,35.31,1681,220900,18810000,0.5921,3652,68090,47370000,904100000,17240000000,1134000000000,8182000000,156000000000,8051000000000000,38.84,0.288,0.0006013,1616,0.001255,0.05422,0.6476,95.13,170.3,79.39,0.01094,-0.7253,-0.08546,-0.2358,-0.05648,0.04877,0.06749,0.06563,0.08736,0.05608,0,0.1627,78.27,5296,236800,74470000,1.629,6282,124200,-52760000,-1028000000,-20040000000,997200000000,9281000000,181000000000,7240000000000000,Calm
20.91,0.1239,0.001815,174.9,0.001779,0.06753,0.05503,41.78,6.031,307.3,0.0007764,0.1794,0.2762,0.2201,0.1707,0.1361,0.1222,0.1162,0.121,0.1064,0,0.1535,20.49,1254,126900,21960000,1.327,3642,30190,47140000,417000000,3676000000,1126000000000,3710000000,32740000000,799800000000000,15.18,0.08283,0.001115,1691,0.003737,0.1466,0.5163,39.36,220.1,629.5,0.009514,-0.9432,0.4358,0.01863,0.1393,0.08026,0.07167,0.04611,0.05666,0.01955,0,0.3275,39.83,2785,288300,53040000,3.28,6266,57720,-52480000,-471100000,-4236000000,989600000000,4168000000,37500000000,704100000000000,Calm
8.112,0.06607,0.002007,412.7,0.001962,0.07387,0.1107,22.3,19.13,404.3,0.001711,0.2256,0.3314,0.2051,0.1609,0.1383,0.148,0.1147,0.1208,0.1143,0,0.1681,18.86,1709,152000,28890000,1.44,3610,35230,42480000,400600000,3760000000,949700000000,3583000000,33650000000,777900000000000,12.22,0.07059,0.001383,1574,0.004053,0.1594,0.5047,34.93,216.8,783.5,0.009502,-0.9063,0.304,0.07354,0.0909,0.05726,0.05825,0.02004,0.0163,-0.02246,0,0.3625,38.91,3091,321300,59450000,3.631,5619,48130,-44570000,-396900000,-3550000000,795800000000,3537000000,31690000000,596200000000000,Calm
15.22,0.1335,0.001631,220.6,0.001556,0.05852,0.05741,33.67,7.923,195.3,0.0002803,0.1221,0.2672,0.2112,0.176,0.1556,0.1438,0.1329,0.1497,0.1413,0,0.1496,17.66,1128,95500,17660000,1.062,3643,46550,46950000,613400000,8006000000,1118000000000,5509000000,71930000000,2532000000000000,22.78,0.1475,0.001207,1625,0.003172,0.1288,0.5102,60.4,214.3,476.1,0.009281,-0.8948,0.3062,-0.1332,0.02687,0.1067,-0.009862,-0.01768,0.05924,0.07691,0,0.3448,56.49,3778,311400,60530000,3.453,6236,84280,-52110000,-694600000,-9259000000,980400000000,6229000000,83080000000,2280000000000000,Calm
22.8,0.2199,0.002405,193.4,0.001806,0.06664,0.06771,48.96,19.09,136.4,0.0002797,0.1824,0.3168,0.2638,0.1829,0.1774,0.1947,0.157,0.1476,0.1348,0,0.171,21.8,1379,145800,19910000,0.9479,3644,58200,47490000,749600000,11820000000,1140000000000,6749000000,106500000000,4446000000000000,28.29,0.2007,0.001623,1665,0.003386,0.138,0.5957,75.09,153.8,505.1,0.009552,-0.8421,0.01296,-0.09579,0.05029,0.0249,0.05126,0.1063,0.07251,0.05122,0,0.3657,68.31,5054,342300,75510000,3.655,6312,98880,-53080000,-835700000,-13150000000,1005000000000,7525000000,118500000000,3930000000000000,Calm
17.26,0.1641,0.002014,219,0.001449,0.05579,0.05056,33.25,5.779,200,0.0001733,0.1309,0.3667,0.2457,0.1606,0.1548,0.1979,0.1448,0.1237,0.1385,0,0.1714,19.82,1482,134300,22400000,1.208,3642,48410,47410000,634200000,8478000000,1136000000000,5698000000,76220000000,2722000000000000,21.81,0.1398,0.001325,1709,0.003361,0.136,0.5421,58.14,220.3,513.8,0.00934,-0.8999,0.1044,0.1388,-0.04392,0.05336,0.04271,0.02716,0.04703,0.04138,0,0.3673,58.28,4684,421600,84640000,3.675,6305,83000,-52960000,-699000000,-9219000000,1002000000000,6282000000,82920000000,2325000000000000,Calm
25.51,0.2201,0.001792,223.5,0.001057,0.03992,0.06749,45.8,40.95,51.01,0.000218,0.2124,0.4164,0.31,0.2123,0.2038,0.1824,0.1926,0.1622,0.1242,0,0.1486,25.44,1561,158400,21860000,0.7326,3646,60890,47570000,776500000,12660000000,1143000000000,6978000000,113800000000,4912000000000000,32.02,0.2172,0.0008636,1638,0.0021,0.08719,0.569,75.76,175,191.8,0.009181,-0.8292,0.2101,-0.07499,0.07802,0.1686,-0.01034,0.02601,0.01343,-0.04947,0,0.2435,66,4424,307300,68520000,2.437,6319,98440,-53180000,-843500000,-13380000000,1008000000000,7580000000,120300000000,4122000000000000,Calm
6.908,0.05213,0.004144,152.8,0.002558,0.09341,0.0658,18.52,28.08,336.2,0.0004611,0.03666,0.229,0.2618,0.1435,0.1626,0.1781,0.2036,0.1469,0.1164,0,0.1553,11.61,962.4,88490,17350000,1.176,3648,28700,47580000,380400000,3038000000,1143000000000,3425000000,27380000000,583500000000000,13.72,0.07261,0.002581,1602,0.005058,0.196,0.5011,35.27,184.6,1044,0.009416,-0.9665,0.4566,0.1522,0.2367,0.1987,0.1168,-0.1427,0.05638,-0.004782,0,0.3937,36.33,2825,342200,61660000,3.939,6318,50790,-53180000,-425300000,-3398000000,1008000000000,3830000000,30640000000,514000000000000,Calm
12.1,0.09497,0.002083,221.1,0.00151,0.05695,0.062,25.59,19.83,149.3,0.0002533,0.08253,0.2959,0.2407,0.1604,0.1521,0.1458,0.143,0.1169,0.1167,0,0.1452,16.65,1249,101600,19660000,0.9438,3643,43050,47480000,553200000,6440000000,1139000000000,4974000000,57940000000,1785000000000000,18.77,0.1116,0.001309,1674,0.003371,0.1337,0.5493,47.54,198.8,461.6,0.009201,-0.9334,0.4122,-0.05418,0.1623,0.001051,0.03091,0.01489,0.03769,0.04862,0,0.3165,49.22,3318,298400,54460000,3.16,6313,71140,-53080000,-605500000,-6904000000,1005000000000,5442000000,62100000000,1518000000000000,Calm
14.98,0.1466,0.002528,196.8,0.001494,0.05324,0.04833,34.95,4.839,205.5,0.00009327,0.1126,0.374,0.2037,0.1599,0.1414,0.1239,0.1218,0.1299,0.1124,0,0.1937,21.34,1658,107900,20890000,1.03,3644,47550,47500000,613800000,7940000000,1140000000000,5531000000,71580000000,2470000000000000,23.21,0.1537,0.00234,1715,0.005365,0.2196,0.5187,63.49,218.2,1268,0.009139,-0.8998,0.3003,-0.05565,0.07335,0.01602,0.06007,0.04165,0.01977,0.02087,0,0.6231,55.75,3809,303600,60110000,6.228,6314,77580,-53100000,-662400000,-8269000000,1005000000000,5970000000,74580000000,2010000000000000,Calm
13.02,0.09625,0.008701,219.8,0.00218,0.08085,0.05939,27.43,6.36,292.4,0.0001891,0.08445,0.3605,0.2041,0.1542,0.1625,0.1579,0.1384,0.1395,0.1234,0,0.2433,21.26,1678,121200,23340000,1.423,3643,35770,47310000,477300000,4811000000,1132000000000,4285000000,43220000000,1177000000000000,12.86,0.07638,0.004055,1674,0.006263,0.2468,0.5242,37.84,219.8,1651,0.009182,-0.9507,0.266,0.02961,0.1265,-0.001718,0.07412,0.03445,0.03088,-0.000004337,0,0.5611,43.19,3412,330300,61970000,5.616,6288,64360,-52770000,-534600000,-5413000000,996800000000,4792000000,48560000000,1030000000000000,Calm
11.57,0.1109,0.002888,222.1,0.001622,0.05849,0.05157,27.13,2.624,240,0.0001512,0.07448,0.3889,0.3274,0.1848,0.176,0.135,0.1221,0.124,0.1088,0,0.1641,15.79,1644,133800,27290000,1.019,3643,42230,47460000,552900000,6437000000,1139000000000,4974000000,57940000000,1804000000000000,20.26,0.1323,0.002641,1706,0.004993,0.2007,0.4948,54.95,220.5,1094,0.009156,-0.9194,0.3656,-0.1448,-0.01198,0.03058,-0.00711,-0.0005789,0.04735,0.01856,0,0.5273,50.61,3436,301500,57620000,5.274,6310,73630,-53050000,-618000000,-7195000000,1004000000000,5562000000,64800000000,1584000000000000,Calm
9.027,0.07765,0.001178,267.4,0.002045,0.07559,0.06435,23.63,34.79,170,0.001433,0.05693,0.2748,0.2245,0.1543,0.1552,0.142,0.1124,0.1076,0.1265,0,0.1195,17.35,1392,119300,23130000,1.009,3646,31860,47580000,416100000,3633000000,1143000000000,3742000000,32700000000,757500000000000,10.45,0.05703,0.0006348,1777,0.003122,0.1207,0.5404,28.53,193.6,394.4,0.01017,-0.9674,0.3118,0.09399,-0.02546,0.07207,0.0928,0.06422,0.04014,0.1096,0,0.2148,39.03,3175,351100,66930000,2.149,6325,53060,-53250000,-451200000,-3824000000,1009000000000,4060000000,34450000000,630100000000000,Calm
11.18,0.1089,0.003494,212.2,0.001876,0.06877,0.04532,25.23,8.706,106.2,0.0002103,0.06727,0.3683,0.2523,0.1712,0.1737,0.149,0.1298,0.1404,0.1363,0,0.2056,17.36,1560,110000,22450000,1.36,3644,43950,47470000,574100000,6938000000,1139000000000,5172000000,62530000000,2013000000000000,19.26,0.1099,0.002595,1665,0.004474,0.1793,0.51,52.42,219.3,883.3,0.009291,-0.928,0.3073,-0.1548,0.08136,0.09742,0.0699,0.03811,0.07791,0.0169,0,0.4472,51.89,3628,301600,57490000,4.478,6308,76920,-53020000,-645000000,-7838000000,1003000000000,5809000000,70650000000,1795000000000000,Calm
14.37,0.1282,0.0008005,227.9,0.001047,0.03959,0.0512,28.63,13.56,38.86,0.0002945,0.1081,0.3159,0.1994,0.1673,0.1812,0.1763,0.1396,0.132,0.1352,0,0.1164,16.99,1210,95010,16730000,0.6899,3647,45840,47600000,605100000,7685000000,1144000000000,5439000000,69110000000,2358000000000000,20.91,0.1284,0.0005646,1705,0.002163,0.08727,0.5667,53.22,176.8,210.2,0.009342,-0.9163,0.3055,-0.01949,0.101,0.06839,-0.002628,0.03915,0.05112,0.04828,0,0.2281,53.4,3801,341700,64610000,2.281,6321,82040,-53210000,-685300000,-8821000000,1008000000000,6162000000,79360000000,2129000000000000,Calm
13.75,0.1403,0.001446,234.4,0.001357,0.05018,0.04824,32.81,21.98,85.39,0.0002636,0.1006,0.3125,0.2365,0.1644,0.1562,0.1448,0.1271,0.116,0.1121,0,0.1526,20.7,1440,111100,19110000,0.8824,3647,45210,47540000,596600000,7482000000,1141000000000,5362000000,67270000000,2260000000000000,15.46,0.1051,0.0009927,1673,0.002858,0.1146,0.5435,47.08,195.7,366.6,0.009252,-0.9283,0.1459,-0.1797,0.07664,0.0264,0.03487,0.01035,0.02961,0.05687,0,0.2806,52.82,3991,319500,63290000,2.805,6314,80440,-53120000,-672300000,-8502000000,1006000000000,6042000000,76460000000,2022000000000000,Calm
5.74,0.04361,0.002594,230.3,0.002157,0.07929,0.04285,13.98,20.11,213.5,0.0002828,0.02613,0.1819,0.2254,0.1688,0.1484,0.1227,0.1167,0.1037,0.09708,0,0.1217,9.224,836.5,92940,17820000,0.8933,3646,22720,47490000,296600000,1851000000,1140000000000,2666000000,16650000000,279200000000000,10.93,0.06422,0.001333,1691,0.003837,0.1481,0.5619,26.99,214.2,604.5,0.009738,-0.9776,0.6439,-0.06842,0.08055,0.05574,0.004277,0.03177,0.02357,0.009624,0,0.2701,28.79,1616,174800,30020000,2.702,6309,39140,-53050000,-329500000,-2044000000,1004000000000,2962000000,18400000000,241200000000000,Calm
19.75,0.1839,0.001193,232.9,0.001268,0.04743,0.05232,42.58,23.44,125.6,0.0002486,0.1527,0.3146,0.2265,0.1892,0.1763,0.1882,0.1684,0.1551,0.1446,0,0.1241,19.5,1307,109100,17250000,0.7821,3643,48230,47470000,637800000,8565000000,1139000000000,5741000000,77130000000,2792000000000000,23.77,0.1577,0.0008178,1734,0.002569,0.103,0.5238,62.11,194.3,298.6,0.009236,-0.8853,0.2059,-0.1509,0.1021,0.04859,0.09687,0.04858,0.01524,0.02,0,0.2559,58.73,4143,314900,62670000,2.558,6311,85330,-53050000,-713600000,-9595000000,1004000000000,6426000000,86460000000,2435000000000000,Calm
18.43,0.1672,0.001784,214.1,0.001549,0.05673,0.04565,41.09,7.921,145.2,0.0002331,0.1401,0.2806,0.2023,0.1906,0.1781,0.164,0.1537,0.1421,0.1233,0,0.1396,17.92,1208,93370,16850000,0.8154,3644,51320,47470000,678400000,9691000000,1139000000000,6112000000,87340000000,3335000000000000,26.61,0.1843,0.001509,1698,0.003801,0.1536,0.5081,70.49,211.6,634.7,0.009325,-0.8659,0.2414,-0.234,0.07009,0.03628,0.02782,0.09257,0.03564,0.01881,0,0.407,63.51,4176,280300,57980000,4.069,6309,91300,-53040000,-762500000,-10960000000,1004000000000,6871000000,98790000000,2963000000000000,Calm
13.95,0.1153,0.002961,202.7,0.00176,0.06664,0.06869,29.8,22.61,158.6,0.0002775,0.09744,0.2253,0.2013,0.1877,0.1574,0.1654,0.1405,0.1449,0.1526,0,0.1778,12.26,878,80540,14190000,1.137,3646,43840,47510000,574000000,6931000000,1140000000000,5172000000,62470000000,2012000000000000,25.52,0.1647,0.001789,1711,0.003572,0.1447,0.536,65.7,180.9,585,0.00936,-0.8965,0.455,-0.2798,0.1146,0.01982,0.04406,0.04362,0.07867,0.06068,0,0.387,53.97,3208,255300,46850000,3.872,6311,77130,-53070000,-646200000,-7862000000,1005000000000,5823000000,70880000000,1800000000000000,Calm
6.409,0.06367,0.00444,202.2,0.001793,0.06687,0.05155,18.15,45.57,107.5,0.000321,0.04285,0.2791,0.2325,0.1722,0.1746,0.1333,0.168,0.1356,0.1036,0,0.1427,13.54,1175,88710,17860000,0.852,3643,37220,47470000,488700000,5027000000,1139000000000,4401000000,45300000000,1249000000000000,13.08,0.06497,0.00168,1662,0.002982,0.1178,0.6,35.71,168.2,373.8,0.009526,-0.9618,0.3091,-0.03527,0.1466,0.199,0.07032,0.07817,0.09243,0.07157,0,0.2514,44.05,3399,342300,62580000,2.515,6310,65390,-53040000,-547900000,-5652000000,1004000000000,4936000000,50980000000,1101000000000000,Calm
22.58,0.1608,0.004685,202.8,0.002245,0.08545,0.06404,45.01,19.99,318.3,0.0002516,0.1767,0.3176,0.1884,0.1775,0.182,0.184,0.1723,0.1761,0.1385,0,0.2564,22.41,1303,125800,18530000,1.716,3644,47840,47390000,632000000,8425000000,1136000000000,5672000000,75650000000,2711000000000000,20.8,0.1256,0.002816,1693,0.004703,0.1892,0.5379,58.35,214.4,983.3,0.009435,-0.8964,0.1492,-0.06511,0.009018,-0.01934,0.008023,0.03268,0.04701,0.05035,0,0.4821,57.89,4376,353700,70670000,4.827,6297,83640,-52890000,-700500000,-9271000000,1000000000000,6279000000,83170000000,2331000000000000,Calm
32.62,0.2843,0.0007434,215.1,0.0007774,0.03173,0.05066,63.96,6.066,37.28,0.0005264,0.2705,0.3447,0.1983,0.1676,0.1715,0.1584,0.1631,0.1449,0.1456,0,0.1317,28.15,1450,156200,15920000,0.8657,3651,66170,47690000,881000000,16270000000,1147000000000,7963000000,147100000000,7352000000000000,39.13,0.3185,0.0004174,1636,0.001416,0.0615,0.5635,97.66,195,104,0.009918,-0.734,0.0208,-0.268,-0.03805,-0.09498,-0.01983,0.007586,0.03005,0.0328,0,0.2034,78.48,4982,217500,64180000,2.035,6330,119000,-53350000,-993900000,-18510000000,1012000000000,8988000000,167500000000,6485000000000000,Calm
10.41,0.08651,0.002726,191.2,0.001386,0.0506,0.06098,24.52,35.15,67.37,0.0002893,0.07207,0.3196,0.2048,0.1454,0.1465,0.1607,0.1353,0.1209,0.1138,0,0.1337,15.39,1330,107000,20730000,0.8347,3644,41880,47430000,539100000,6120000000,1137000000000,4844000000,55030000000,1656000000000000,17.62,0.1032,0.001278,1668,0.002818,0.1131,0.5862,51.26,191.5,346.2,0.009491,-0.9366,0.2998,-0.01059,0.05513,0.07029,0.02157,0.06051,0.05162,0.0415,0,0.2934,49.77,3759,356600,66540000,2.937,6303,70050,-52970000,-593800000,-6652000000,1002000000000,5333000000,59790000000,1427000000000000,Calm
26.37,0.2053,0.003456,293.2,0.001386,0.0557,0.09545,52.06,31.66,66.08,0.0003199,0.2053,0.2663,0.2212,0.1678,0.1628,0.1613,0.1544,0.1428,0.1431,0,0.2487,23.49,1186,112100,16790000,1.084,3651,58940,47630000,767300000,12360000000,1144000000000,6921000000,111500000000,4784000000000000,31.41,0.2257,0.001513,1706,0.002572,0.1097,0.5514,76.82,178.8,319.4,0.009538,-0.8182,0.2678,-0.1838,0.008371,-0.05021,-0.009454,-0.01209,-0.01684,0.04367,0,0.3379,65.55,3976,259700,55820000,3.379,6316,100700,-53180000,-850400000,-13590000000,1008000000000,7664000000,122500000000,4142000000000000,Calm
8.552,0.07901,0.005235,212.5,0.002767,0.1026,0.101,24.37,9.552E-12,256.4,0.0003986,0.05871,0.3663,0.2771,0.2135,0.1709,0.1699,0.1503,0.1382,0.1171,0,0.2059,14.61,1334,126500,26290000,1.27,3647,35790,47570000,474900000,4737000000,1142000000000,4285000000,42770000000,1145000000000000,13.47,0.07399,0.002744,1681,0.005016,0.1963,0.5799,39.21,220.6,1037,0.01003,-0.9545,0.1784,0.1449,0.1042,0.09866,0.04605,0.07684,-0.002092,0.04037,0,0.4179,44.33,3747,404900,76060000,4.177,6317,63820,-53170000,-533300000,-5345000000,1007000000000,4816000000,48320000000,1010000000000000,Calm
11.85,0.08709,0.003229,273.1,0.00173,0.06433,0.07722,25.52,10.28,172.7,0.001084,0.08991,0.2332,0.1936,0.1541,0.1426,0.1396,0.1577,0.1327,0.1081,0,0.141,15.43,1117,105600,18630000,1.208,3642,31690,47470000,414000000,3610000000,1139000000000,3708000000,32360000000,758000000000000,13.28,0.07845,0.000982,1827,0.002704,0.1057,0.5365,34.55,218.9,337.1,0.01023,-0.9604,0.445,0.1119,0.04217,0.01089,0.0808,0.07216,0.04161,0.01934,0,0.2272,39.25,2976,327600,60150000,2.272,6312,53760,-53060000,-454300000,-3887000000,1004000000000,4067000000,34840000000,638800000000000,Calm
27.58,0.1168,0.001316,199.3,0.0007785,0.03549,0.06327,43.77,23.53,57.14,0.0002778,0.2597,0.2125,0.1794,0.2086,0.2052,0.1633,0.1767,0.1464,0.1398,0,0.191,16.11,760,83950,10290000,0.9828,3643,99310,47430000,1293000000,35230000000,1137000000000,11630000000,316900000000,2.295E+016,100.7,0.6147,0.001255,1714,0.002058,0.1003,0.5398,206.2,203.2,271.8,0.009357,-0.2347,0.3251,-0.1758,0.06339,-0.07901,0.03635,-0.01674,-0.008986,-0.05436,0,0.4358,117.3,4233,23280,40350000,4.364,6305,172600,-52980000,-1449000000,-39610000000,1002000000000,13030000000,356300000000,2.044E+016,Calm
13.62,0.1366,0.005442,251.7,0.001857,0.07334,0.06615,33.24,19.97,121.5,0.0006985,0.1024,0.364,0.2488,0.1783,0.143,0.133,0.1148,0.1048,0.09366,0,0.2742,22.29,1678,116500,21110000,1.17,3650,49570,47680000,641300000,8621000000,1147000000000,5803000000,78050000000,2792000000000000,17.62,0.1099,0.002536,1740,0.00305,0.1256,0.6404,51.26,132.6,422,0.01023,-0.9218,0.1291,-0.002588,0.07486,0.07786,0.0629,0.05142,0.04179,0.05121,0,0.3397,53.85,4284,365200,73160000,3.394,6324,83850,-53270000,-710800000,-9475000000,1010000000000,6429000000,85780000000,2413000000000000,Calm
26.29,0.1999,0.001889,278.2,0.001531,0.05842,0.08684,47.16,60.95,46.82,0.002449,0.2146,0.315,0.2439,0.16,0.1439,0.1287,0.1217,0.1145,0.1096,0,0.1034,28.35,1706,146600,24730000,0.7273,3642,39830,47190000,534200000,6037000000,1128000000000,4872000000,55080000000,1656000000000000,19.69,0.129,0.0008679,1638,0.001647,0.06672,0.6894,48.38,132.4,121.5,0.01278,-0.8929,0.211,0.06224,0.00498,0.01038,0.0529,0.07079,0.05878,0.0163,0,0.14,48.89,3599,325700,65670000,1.4,6276,73240,-52610000,-604300000,-6940000000,992500000000,5522000000,63480000000,1482000000000000,Calm
16.72,0.145,0.003271,183.8,0.001567,0.05711,0.04475,36.52,8.551,124.4,0.0001803,0.136,0.3538,0.2348,0.1788,0.1306,0.156,0.1289,0.122,0.13,0,0.1662,21.27,1632,136700,21920000,0.9505,3644,41580,47350000,557900000,6559000000,1134000000000,5016000000,59000000000,1880000000000000,15.8,0.1046,0.001824,1692,0.003974,0.1583,0.5613,47.45,189.9,664.8,0.009301,-0.9289,0.1888,-0.03423,0.02699,-0.01285,0.09223,0.04454,0.009888,0.01604,0,0.381,50.42,4099,362800,72150000,3.815,6292,77890,-52820000,-641100000,-7784000000,998300000000,5763000000,70040000000,1740000000000000,Calm
11.78,0.0868,0.001453,238.3,0.001808,0.06751,0.06814,26.37,16.82,204.5,0.001252,0.1027,0.3166,0.2904,0.2273,0.2061,0.1795,0.1832,0.1616,0.123,0,0.1221,15.56,1478,130500,26570000,1.047,3644,28720,47030000,384600000,3139000000,1121000000000,3447000000,28160000000,617400000000000,15.87,0.09247,0.0008391,1848,0.00325,0.1255,0.526,38.68,210.8,453.8,0.009608,-0.9475,0.5424,0.01961,0.07672,0.0088,0.01797,0.07371,0.08359,0.0506,0,0.2393,36.18,2443,262300,47910000,2.393,6246,53250,-52250000,-436900000,-3654000000,983900000000,3903000000,32680000000,564100000000000,Calm
9.237,0.07852,0.0006774,218.8,0.001078,0.04002,0.05877,19.85,16.53,75.41,0.0006578,0.08733,0.2653,0.2195,0.1634,0.1523,0.1523,0.1462,0.1095,0.1067,0,0.08146,13.45,1060,99070,19240000,0.6351,3641,30750,47000000,411000000,3587000000,1120000000000,3665000000,32020000000,757800000000000,13.23,0.07502,0.000421,1838,0.001848,0.07241,0.5295,37.42,190.9,159.9,0.009659,-0.9585,0.3994,0.007534,0.1514,0.01189,0.1141,0.05939,0.02157,0.03015,0,0.1566,39.46,2793,282900,49690000,1.568,6246,57060,-52230000,-468100000,-4195000000,983200000000,4151000000,37220000000,692300000000000,Calm
13.58,0.1325,0.001046,246.8,0.001101,0.04462,0.06617,28.17,33.09,114.5,0.0002584,0.1028,0.2674,0.2107,0.1726,0.1567,0.1274,0.1336,0.1092,0.1137,0,0.1621,16,1145,81710,15990000,1.236,3643,51260,47180000,658500000,9186000000,1127000000000,5909000000,82460000000,3054000000000000,27.18,0.1876,0.0008845,1754,0.00266,0.1121,0.5119,69.37,181.6,359.2,0.009059,-0.8756,0.3065,-0.141,0.09012,0.0666,-0.02619,0.004839,0.06776,0.03733,0,0.3613,60.71,3858,293500,56960000,3.618,6267,85790,-52500000,-723900000,-9977000000,990300000000,6485000000,89420000000,2621000000000000,Calm
16.95,0.1817,0.002769,203.5,0.001442,0.04687,0.03818,37.96,2.758,134.9,0.0000884,0.1292,0.3735,0.2681,0.1759,0.1872,0.1678,0.1579,0.1369,0.1215,0,0.1719,21.72,1614,139700,21660000,0.9124,3575,55510,45730000,698300000,10650000000,1077000000000,6289000000,95960000000,3789000000000000,23.95,0.1509,0.003232,1685,0.00535,0.2162,0.4961,64.21,219.9,1250,0.009089,-0.8835,0.03327,0.04994,0.0651,0.117,0.07278,0.02432,0.06499,0.03442,0,0.573,66.15,5184,380100,81690000,5.728,6195,90560,-51120000,-758900000,-11270000000,949600000000,6836000000,101600000000,3183000000000000,Happy
15.88,0.1085,0.003907,195.8,0.002284,0.08455,0.04738,32.3,35.06,310.6,0.0003996,0.1182,0.2853,0.2057,0.1851,0.1542,0.1335,0.1441,0.1056,0.1063,0,0.2137,18.24,1274,114800,19550000,1.628,3641,40840,47430000,547000000,6297000000,1137000000000,4922000000,56690000000,1773000000000000,18.09,0.1096,0.002318,1674,0.003992,0.1607,0.5792,48.53,189.4,757.5,0.009404,-0.9291,0.2754,0.1044,0.04218,-0.04554,0.008541,0.02246,0.0209,-0.01321,0,0.407,50.53,3807,368900,69720000,4.07,6308,75710,-53000000,-625800000,-7390000000,1003000000000,5631000000,66550000000,1616000000000000,Happy
17.91,0.1641,0.002409,198.6,0.001736,0.06662,0.03965,38.3,7.702,182.4,0.0001746,0.1353,0.309,0.2031,0.142,0.1175,0.123,0.1127,0.1005,0.09096,0,0.2414,20.29,1274,100000,15990000,1.233,3646,53090,47480000,691400000,10070000000,1139000000000,6226000000,90700000000,3510000000000000,26.23,0.1761,0.002517,1581,0.00389,0.1652,0.4986,70.62,198,729,0.00925,-0.8714,0.1646,-0.03889,0.079,0.07819,0.06348,0.03383,0.05463,0.0213,0,0.5213,63.36,4391,329300,66590000,5.213,6309,94300,-53050000,-787800000,-11700000000,1004000000000,7096000000,105400000000,3240000000000000,Happy
16.69,0.1457,0.003274,211.7,0.001873,0.068,0.05832,36.69,10.34,159.8,0.0003336,0.1139,0.3312,0.273,0.2234,0.1927,0.1752,0.1673,0.1437,0.1451,0,0.1935,19.41,1494,103100,21740000,1.045,3577,50160,45740000,635300000,8819000000,1077000000000,5709000000,79290000000,2875000000000000,30.31,0.1948,0.003299,1593,0.004564,0.1846,0.4966,73.45,205.7,875.5,0.009475,-0.8658,0.4562,-0.1898,0.1907,-0.007102,-0.02384,0.04424,-0.05961,0.03254,0,0.4896,58.93,3210,221100,43170000,4.897,6194,85030,-51120000,-705600000,-9735000000,949700000000,6339000000,87490000000,2509000000000000,Happy
12.12,0.1169,0.002843,214.3,0.001552,0.05976,0.03656,26,19.63,111.6,0.0002057,0.08506,0.3126,0.239,0.162,0.1297,0.1158,0.1318,0.1172,0.1048,0,0.2236,16.19,1256,82980,16760000,1.046,3643,47510,47500000,617900000,8034000000,1140000000000,5565000000,72390000000,2505000000000000,23.53,0.1492,0.003239,1600,0.004215,0.1762,0.5213,61.09,187.6,846,0.009228,-0.9066,0.347,-0.02488,0.08538,0.06962,0.05346,0.02422,0.04223,0.01618,0,0.5396,55.41,3678,313200,58900000,5.392,6316,81570,-53110000,-687800000,-8899000000,1006000000000,6196000000,80220000000,2189000000000000,Happy
23.43,0.1866,0.003312,222.4,0.001771,0.06951,0.04361,43.11,19.47,186.5,0.0002576,0.1728,0.3085,0.2356,0.2076,0.219,0.1863,0.1487,0.1781,0.1379,0,0.254,19.16,1203,123000,20320000,1.663,3645,58300,47540000,759900000,12140000000,1142000000000,6831000000,109200000000,4652000000000000,34.67,0.2506,0.002823,1639,0.003555,0.151,0.53,84.97,184.7,607.1,0.009405,-0.8111,0.2263,-0.2161,0.00597,0.03983,-0.03852,-0.07794,0.09265,0.01633,0,0.4787,69.22,4250,277500,59830000,4.789,6317,100100,-53150000,-844100000,-13400000000,1007000000000,7588000000,120500000000,4050000000000000,Happy
9.086,0.07412,0.002813,220.9,0.001761,0.06407,0.03823,21.14,27,140.6,0.0003047,0.04277,0.2661,0.2918,0.1937,0.1554,0.1484,0.1495,0.147,0.1343,0,0.1667,13.32,1153,114500,23100000,1.096,3644,36920,47560000,479200000,4827000000,1143000000000,4317000000,43510000000,1164000000000000,17.82,0.1028,0.002721,1587,0.004097,0.1641,0.5004,45.86,211.1,734.6,0.009346,-0.9461,0.487,-0.09789,0.146,0.07475,-0.0448,0.0106,0.1047,0.09549,0,0.4015,44.6,2847,273000,49090000,4.018,6323,64630,-53210000,-542800000,-5532000000,1008000000000,4888000000,49860000000,1059000000000000,Happy
11.65,0.1414,0.003458,176.9,0.001998,0.07331,0.05314,30.24,25.93,191.4,0.000228,0.09251,0.2584,0.2502,0.2294,0.1948,0.1623,0.1587,0.1571,0.1354,0,0.1754,15.71,1069,76670,12720000,1.054,3644,47490,47470000,616300000,7998000000,1139000000000,5542000000,71950000000,2490000000000000,21.61,0.1308,0.002779,1610,0.004137,0.1654,0.53,59.74,213.8,733.3,0.009374,-0.9062,0.2422,-0.3021,0.2094,0.2675,0.1992,0.07974,0.02743,-0.002503,0,0.411,57.17,3988,293800,56590000,4.114,6308,81120,-53020000,-684400000,-8825000000,1003000000000,6153000000,79400000000,2165000000000000,Happy
17.29,0.1577,0.006163,246,0.002368,0.08846,0.03987,34.94,29.99,132.6,0.0001732,0.1126,0.2405,0.1987,0.2028,0.1553,0.1473,0.1435,0.1529,0.133,0,0.3002,14.78,1061,88330,17080000,1.321,3643,56910,47400000,732400000,11310000000,1136000000000,6589000000,101800000000,4162000000000000,31.56,0.2404,0.005651,1646,0.005009,0.213,0.592,84.09,138.2,1233,0.009449,-0.8323,0.2299,-0.3088,-0.03176,0.02367,-0.01718,-0.04405,0.0192,0.04883,0,0.6791,67.72,4279,272500,57480000,6.8,6301,95950,-52930000,-811400000,-12430000000,1001000000000,7295000000,111800000000,3629000000000000,Happy
13.86,0.1457,0.009751,213.1,0.00272,0.101,0.05362,32.49,37.9,221.7,0.000706,0.1066,0.3709,0.225,0.1562,0.1622,0.1666,0.1666,0.1208,0.111,0,0.2598,21.71,1653,101400,18700000,1.532,3644,50570,47250000,656800000,9124000000,1130000000000,5892000000,81890000000,3025000000000000,19.88,0.125,0.00463,1627,0.004068,0.1659,0.5945,55.36,166.4,794.1,0.009676,-0.9067,0.1029,-0.06389,0.04522,0.125,0.08451,-0.002596,0.02102,0.02973,0,0.4292,59.62,4522,344100,71430000,4.298,6275,86330,-52600000,-725500000,-9997000000,993000000000,6499000000,89630000000,2619000000000000,Happy
25.39,0.222,0.002881,234.1,0.001444,0.05516,0.04127,46.1,36.42,102.9,0.0001925,0.2032,0.312,0.2299,0.1801,0.1394,0.1315,0.1353,0.109,0.1087,0,0.2092,21.99,1325,141100,19510000,0.9065,3645,63200,47500000,827800000,14420000000,1140000000000,7455000000,129900000000,6024000000000000,35,0.2597,0.002022,1662,0.003076,0.1318,0.5564,89.01,165.5,466.1,0.00923,-0.7965,0.08865,-0.1141,0.01171,0.008189,0.01402,0.04257,0.000198,0.0223,0,0.4357,73.67,4876,294500,68000000,4.36,6312,110300,-53090000,-926100000,-16140000000,1005000000000,8340000000,145500000000,5325000000000000,Happy
15.22,0.1326,0.002263,201.5,0.001507,0.05531,0.03937,34.06,37.62,112.9,0.0003414,0.09748,0.2248,0.225,0.2062,0.1958,0.1628,0.1333,0.1438,0.128,0,0.1507,14.79,1036,85980,16890000,0.9096,3645,46540,47500000,612200000,7885000000,1140000000000,5504000000,70930000000,2438000000000000,24.43,0.1661,0.001883,1643,0.003545,0.1442,0.5163,64.2,192.8,559.5,0.009324,-0.8924,0.3634,-0.2497,0.0585,0.1037,-0.01491,-0.02508,0.04959,0.04018,0,0.3935,56.57,3551,280000,53440000,3.936,6313,81990,-53090000,-686700000,-8877000000,1005000000000,6178000000,79910000000,2166000000000000,Happy
20.96,0.1615,0.001951,206.2,0.001398,0.05343,0.03775,39.22,12.58,114.9,0.0001642,0.1704,0.2894,0.2359,0.1587,0.1431,0.1283,0.1221,0.1282,0.1114,0,0.2065,19.34,1279,134400,20370000,1.067,3644,53350,47490000,696000000,10200000000,1140000000000,6260000000,91750000000,3598000000000000,26.65,0.1761,0.002087,1639,0.003689,0.1567,0.4999,70.49,194.8,667.4,0.009239,-0.872,0.1786,-0.02494,0.001838,-0.01272,0.06365,0.06258,0.03769,0.02706,0,0.5078,63.47,4391,339800,68820000,5.08,6312,92970,-53070000,-780700000,-11480000000,1005000000000,7022000000,103300000000,3184000000000000,Happy
15.43,0.1534,0.002466,211.9,0.0017,0.06208,0.04117,35.27,49.93,141.9,0.0002704,0.1129,0.2637,0.2577,0.241,0.1869,0.1375,0.1803,0.1642,0.1385,0,0.1507,19.17,1324,103700,18130000,0.7834,3644,51840,47550000,668300000,9390000000,1142000000000,6022000000,84650000000,3119000000000000,20.73,0.1343,0.001716,1668,0.003326,0.1336,0.5228,58.43,181.4,481.9,0.009512,-0.9004,0.09876,-0.2069,0.09923,0.1415,0.06834,0.06327,0.05894,0.08666,0,0.3338,60.51,4558,335400,68250000,3.335,6321,87690,-53190000,-742600000,-10360000000,1008000000000,6697000000,93520000000,2761000000000000,Happy
35.1,0.2627,0.006242,187,0.002608,0.09794,0.03493,62.36,22.83,160.3,0.000127,0.287,0.2643,0.1829,0.1972,0.1664,0.1523,0.1478,0.156,0.141,0,0.3869,26.59,1154,171600,16870000,1.98,3643,69400,47480000,917100000,17700000000,1139000000000,8263000000,159600000000,8233000000000000,38.2,0.2886,0.006458,1603,0.005999,0.2553,0.4797,97.84,200.4,1779,0.009145,-0.7446,-0.04365,-0.21,-0.145,-0.001529,0.05175,0.03947,0.02551,0.008975,0,0.8214,81.81,5480,263200,73790000,8.214,6313,123900,-53080000,-1034000000,-20150000000,1005000000000,9323000000,181700000000,7371000000000000,Happy
22.05,0.1961,0.006945,183.7,0.002395,0.08472,0.04588,43.01,15,141.5,0.0002502,0.1778,0.3463,0.2374,0.1729,0.1405,0.1224,0.1167,0.1039,0.0914,0,0.1936,25.58,1797,186300,20400000,0.9185,3644,53220,47500000,687600000,9948000000,1140000000000,6198000000,89710000000,3446000000000000,18.8,0.1127,0.004106,1612,0.004927,0.1985,0.5156,51.99,145,1053,0.009682,-0.9005,-0.248,0.1762,0.116,0.04703,0.08152,0.09849,0.06331,0.01695,0,0.4777,63.09,5795,479700,104000000,4.774,6314,88670,-53100000,-753200000,-10680000000,1005000000000,6786000000,96300000000,2916000000000000,Happy
22.25,0.1809,0.001388,259.5,0.001065,0.04194,0.0355,41.66,24.73,52.61,0.0002475,0.172,0.2911,0.2372,0.1807,0.17,0.1664,0.1534,0.1389,0.1361,0,0.1521,20.96,1282,120900,19050000,0.8017,3645,54920,47550000,723000000,10990000000,1142000000000,6509000000,98960000000,4018000000000000,32.12,0.2278,0.0009334,1670,0.00207,0.08795,0.5732,80.2,142.8,209.1,0.009401,-0.8363,0.2644,-0.05193,0.02334,0.01311,-0.004825,-0.01759,-0.02228,0.01021,0,0.2793,64.8,4139,305600,62640000,2.789,6317,97700,-53150000,-816800000,-12550000000,1007000000000,7354000000,113000000000,3620000000000000,Happy
18.89,0.1506,0.002443,208.8,0.001475,0.05783,0.03982,36.41,20.12,51.06,0.000191,0.1285,0.2611,0.1994,0.1922,0.1584,0.1467,0.1413,0.1532,0.1563,0,0.2187,14.71,1013,84620,14720000,1.178,3643,57500,47450000,750300000,11860000000,1138000000000,6756000000,106800000000,4493000000000000,33.67,0.2311,0.002308,1658,0.003504,0.1473,0.5072,82.23,209.9,563.5,0.00926,-0.8285,0.3088,-0.2672,0.08273,-0.05179,0.0748,-0.03092,0.02834,0.0277,0,0.4626,69.12,3987,238800,49740000,4.631,6308,98580,-53020000,-830700000,-13010000000,1003000000000,7480000000,117200000000,3884000000000000,Happy
23.02,0.1832,0.003017,204.9,0.001699,0.05887,0.04496,45.24,27.02,42.89,0.0001208,0.185,0.3696,0.2415,0.2053,0.1868,0.1798,0.1562,0.129,0.1119,0,0.1312,25.27,1768,190900,20140000,0.5523,3644,49510,47490000,640700000,8640000000,1139000000000,5755000000,77640000000,2794000000000000,16.93,0.1008,0.002143,1611,0.004012,0.1587,0.5021,48.88,195.5,663.2,0.009051,-0.914,-0.2178,0.2593,0.1061,0.02405,0.02687,0.06681,0.03232,0.01326,0,0.3456,59.12,5691,520900,110800000,3.458,6311,82950,-53070000,-703400000,-9317000000,1005000000000,6316000000,83740000000,2371000000000000,Happy
23.33,0.2011,0.002221,244.6,0.001329,0.05251,0.04073,45.09,23.52,66,0.0002491,0.1853,0.3216,0.2496,0.2168,0.1713,0.1583,0.1445,0.1395,0.1367,0,0.2029,22.37,1352,132300,19090000,0.8529,3644,64200,47340000,826100000,14410000000,1133000000000,7422000000,129500000000,5981000000000000,34.87,0.2584,0.0015,1630,0.00236,0.1024,0.581,86.37,183.9,285.8,0.00959,-0.8034,0.1497,-0.08136,-0.01135,0.006406,-0.003316,-0.004696,-0.01423,0.07577,0,0.3327,73.02,4699,290300,66710000,3.332,6290,109900,-52800000,-924800000,-16190000000,997700000000,8303000000,145400000000,5349000000000000,Happy
11.95,0.1088,0.002734,195.7,0.001619,0.06047,0.03509,25.89,11.01,139,0.0001144,0.08093,0.3089,0.2308,0.1842,0.1489,0.1261,0.1183,0.1115,0.1128,0,0.2066,17,1353,95410,18850000,0.9591,3644,44440,47440000,578800000,7058000000,1138000000000,5209000000,63540000000,2067000000000000,20.04,0.1256,0.002852,1614,0.004372,0.1797,0.5116,55.43,184,866.9,0.009179,-0.9216,0.325,-0.03126,0.04889,-0.007838,0.01932,0.06545,0.0384,0.02963,0,0.5165,52.38,3641,322800,60600000,5.166,6306,76690,-53000000,-645100000,-7845000000,1003000000000,5805000000,70650000000,1809000000000000,Happy
23.16,0.1917,0.003037,231.4,0.001597,0.06102,0.03475,44.94,25.98,156.1,0.0001579,0.1799,0.2868,0.2614,0.1978,0.1983,0.157,0.143,0.1264,0.1222,0,0.2647,20.86,1271,119700,17880000,1.425,3643,61800,47530000,802300000,13540000000,1141000000000,7230000000,122000000000,5457000000000000,35.81,0.2591,0.003521,1634,0.004487,0.1922,0.4838,90.52,209.8,993.2,0.009209,-0.7972,0.1517,-0.1402,0.04553,-0.006019,0.05866,-0.03519,0.03987,0.02345,0,0.6386,72.07,4619,280500,62400000,6.379,6318,105800,-53150000,-893300000,-15010000000,1007000000000,8056000000,135400000000,4794000000000000,Happy
29.81,0.2892,0.004595,203.9,0.001959,0.07723,0.03813,59.77,31.32,131.9,0.000265,0.2418,0.376,0.2126,0.1621,0.1615,0.1594,0.128,0.1223,0.1211,0,0.326,27.86,1651,168900,18720000,1.848,3642,73180,47440000,951900000,19090000000,1138000000000,8564000000,171800000000,9.187E+015,40.29,0.3391,0.003832,1565,0.003892,0.1726,0.526,102,149.1,779.3,0.009503,-0.7337,-0.1092,-0.1007,-0.1119,-0.04099,0.009115,0.03503,0.002105,0.03334,0,0.6057,83.95,5629,247400,75710000,6.056,6310,127500,-53030000,-1071000000,-21600000000,1003000000000,9632000000,194400000000,8210000000000000,Happy
12.43,0.1039,0.00471,247.8,0.002164,0.08111,0.04795,27.48,46.8,124.2,0.0001851,0.07857,0.3068,0.2746,0.1749,0.16,0.1693,0.1694,0.1575,0.1342,0,0.243,18.19,1446,114800,22410000,1.042,3648,42220,47600000,548700000,6322000000,1144000000000,4933000000,56870000000,1753000000000000,17.38,0.1167,0.003716,1602,0.004486,0.18,0.59,48.24,177.9,858,0.009363,-0.9317,0.376,-0.153,0.03638,0.02877,0.01998,0.004093,-0.02317,0.02013,0,0.4335,47.84,3339,293100,55140000,4.335,6321,72210,-53210000,-610000000,-6986000000,1008000000000,5486000000,62880000000,1524000000000000,Happy
10.43,0.09226,0.005986,185.7,0.002175,0.07912,0.05033,23.45,23.54,222.1,0.0002026,0.06202,0.2535,0.2691,0.2108,0.1292,0.1231,0.1154,0.1075,0.1011,0,0.1979,13.47,1276,108800,22150000,1.114,3643,41970,47480000,554000000,6460000000,1139000000000,4982000000,58110000000,1816000000000000,24.97,0.1556,0.004268,1604,0.004656,0.191,0.5335,61.8,214.3,1018,0.009298,-0.9111,0.5427,-0.2316,0.06172,0.1281,-0.007308,0.06343,0.1034,0.03539,0,0.5409,51.46,2818,237100,43640000,5.416,6312,75220,-53070000,-627300000,-7410000000,1004000000000,5644000000,66720000000,1639000000000000,Happy
26.52,0.2208,0.002922,185.2,0.001611,0.06177,0.04847,53.62,39.28,157.5,0.0001895,0.2254,0.331,0.246,0.2355,0.1993,0.1424,0.1466,0.1457,0.1379,0,0.2233,25.56,1568,167800,19240000,1.301,3646,62770,47500000,812700000,13890000000,1140000000000,7308000000,125000000000,5662000000000000,27.61,0.1919,0.002062,1639,0.00367,0.1522,0.5391,76.04,200.8,628.8,0.00934,-0.8322,-0.1239,-0.09612,-0.05603,0.1859,0.07156,0.06025,0.04869,-0.04675,0,0.4515,73.05,5627,351800,85480000,4.518,6309,106600,-53060000,-900700000,-15280000000,1004000000000,8100000000,137500000000,4945000000000000,Happy
19.25,0.1831,0.002924,250.7,0.00146,0.05201,0.03962,38.36,36.47,33.99,0.0004585,0.133,0.3409,0.2388,0.1664,0.1769,0.1432,0.135,0.1222,0.1041,0,0.1049,24.69,1553,127400,17870000,0.4866,3646,54040,47500000,698400000,10260000000,1140000000000,6274000000,92240000000,3617000000000000,24.14,0.1744,0.00142,1643,0.00203,0.08388,0.7103,64.77,113.5,187.3,0.01046,-0.8763,0.08708,-0.07848,0.01834,0.02187,0.0319,0.007576,0.01088,-0.01459,0,0.2154,64.55,4700,323300,71490000,2.156,6310,91570,-53060000,-774300000,-11290000000,1004000000000,6955000000,101500000000,3138000000000000,Happy
16.92,0.1863,0.002179,260.7,0.001311,0.05087,0.04283,33.63,5.264,72.51,0.0006991,0.1313,0.3784,0.2131,0.1544,0.1316,0.1282,0.1452,0.1268,0.1012,0,0.1822,22.14,1582,113300,17420000,0.7556,3647,57990,47560000,762500000,12220000000,1142000000000,6874000000,110200000000,4728000000000000,25.59,0.181,0.001402,1571,0.002117,0.08949,0.5939,64.63,128.8,224.7,0.01025,-0.8684,0.09734,-0.05066,0.03326,0.02273,0.04437,0.007471,0.06139,0.05646,0,0.2704,67.05,4733,316700,69480000,2.706,6317,103300,-53150000,-863300000,-14010000000,1007000000000,7780000000,126400000000,4265000000000000,Happy
29.04,0.2756,0.004448,206.8,0.001588,0.05973,0.03776,53.11,9.552E-12,87.74,0.0002277,0.2303,0.3145,0.222,0.1985,0.1487,0.1468,0.1436,0.1361,0.1251,0,0.2739,24.33,1300,159100,15600000,1.115,3644,73510,47510000,975000000,20000000000,1140000000000,8756000000,179700000000,9.9E+015,42.3,0.3401,0.003078,1632,0.003639,0.1599,0.5636,103.2,220.6,684.6,0.009757,-0.7264,-0.09426,-0.1946,0.0038,0.04147,0.02515,0.07078,0.06334,0.06654,0,0.558,86.21,5641,229700,71220000,5.578,6314,131700,-53100000,-1099000000,-22730000000,1005000000000,9869000000,204300000000,8836000000000000,Happy
10.45,0.1166,0.007871,209.8,0.002645,0.101,0.06708,27.5,43.14,541.8,0.0002756,0.0711,0.2829,0.2525,0.2111,0.146,0.1317,0.1193,0.1348,0.1291,0,0.3131,17.5,1338,96320,18980000,2.045,3643,45790,47430000,595100000,7461000000,1137000000000,5356000000,67180000000,2247000000000000,18.61,0.1169,0.005516,1614,0.005433,0.2211,0.531,53.89,193.6,1402,0.0094,-0.9217,0.2375,-0.2291,0.1712,0.1061,0.1254,0.03808,0.0242,0.02957,0,0.5962,52.53,3718,293900,55370000,5.969,6306,78360,-52990000,-660500000,-8226000000,1002000000000,5944000000,74080000000,1949000000000000,Happy
21.31,0.1902,0.003178,222.3,0.001705,0.06779,0.03734,42.22,30.68,220.3,0.0001831,0.1608,0.268,0.2128,0.1737,0.2248,0.2086,0.1754,0.129,0.1423,0,0.2614,18.2,1107,97920,15940000,1.546,3643,55020,47490000,723600000,11020000000,1139000000000,6508000000,99150000000,4052000000000000,33.79,0.2606,0.002672,1690,0.004046,0.1726,0.5023,90.83,183.8,817.3,0.009319,-0.8092,0.1719,-0.2189,-0.009024,0.05878,0.03442,-0.009001,0.03426,0.03079,0,0.568,67.02,4335,293500,61450000,5.685,6313,97020,-53090000,-812400000,-12430000000,1005000000000,7307000000,111800000000,3582000000000000,Happy
19.46,0.172,0.005612,259,0.002494,0.09269,0.05039,38.45,47.48,259.5,0.0005706,0.1383,0.3262,0.2377,0.1941,0.1831,0.1672,0.1691,0.1341,0.1329,0,0.2478,22.43,1547,106700,21500000,1.449,3647,51390,47270000,674200000,9612000000,1131000000000,6054000000,86340000000,3290000000000000,28.17,0.1855,0.003611,1656,0.003972,0.1623,0.5798,69.77,145.2,748.9,0.00992,-0.8645,0.2653,-0.1586,0.1221,0.0316,0.09799,0.04628,0.04336,0.01251,0,0.4186,61.47,3906,265400,53740000,4.194,6276,90730,-52640000,-756300000,-10860000000,994000000000,6776000000,97340000000,2926000000000000,Happy
17.59,0.1643,0.002723,226.9,0.001259,0.04559,0.04298,36.36,19.61,46.49,0.0001026,0.1354,0.3218,0.2331,0.1901,0.1544,0.151,0.1619,0.1344,0.1143,0,0.1488,18.74,1212,97900,15090000,0.7815,3643,53960,47440000,695000000,10180000000,1138000000000,6246000000,91500000000,3553000000000000,27.35,0.1849,0.001649,1660,0.002952,0.122,0.5998,70.93,211.8,400.7,0.009195,-0.8703,0.2297,-0.1308,0.123,0.01651,-0.002877,0.01392,0.02408,0.05098,0,0.3511,63.73,4293,304200,61780000,3.51,6306,92470,-53000000,-779200000,-11450000000,1003000000000,7004000000,103000000000,3178000000000000,Happy
16.59,0.163,0.004164,295.9,0.00178,0.06722,0.04246,32.8,30.53,159.9,0.0001774,0.1209,0.3692,0.257,0.1744,0.121,0.1217,0.1133,0.125,0.1045,0,0.2425,21.98,1729,117600,23350000,1.07,3645,52300,47480000,688500000,9978000000,1139000000000,6200000000,89880000000,3482000000000000,26.42,0.1795,0.003329,1697,0.003999,0.1681,0.5396,69.45,168.4,755,0.00949,-0.8741,0.2176,-0.1374,0.05853,0.04547,0.05318,0.06963,0.03501,0.1077,0,0.5132,60.54,4046,289600,59670000,5.132,6311,92410,-53060000,-773300000,-11260000000,1004000000000,6965000000,101500000000,3091000000000000,Happy
27.16,0.2456,0.00657,190.2,0.002692,0.1007,0.05233,52.22,19.44,349.5,0.0004268,0.2112,0.3257,0.2113,0.1703,0.1414,0.1349,0.1456,0.1292,0.1195,0,0.3109,22.81,1333,169900,21720000,1.785,3640,62830,47370000,845800000,15070000000,1135000000000,7618000000,135800000000,6540000000000000,33.09,0.2494,0.004588,1583,0.00446,0.1892,0.5851,83.77,179,1050,0.00938,-0.7965,-0.0898,0.06816,-0.04791,-0.0821,-0.002736,0.02341,-0.06897,-0.008068,0,0.5909,76.69,5604,361500,84400000,5.914,6301,118200,-52910000,-972600000,-17890000000,1000000000000,8756000000,161100000000,6062000000000000,Happy
23.73,0.2224,0.002048,236.5,0.001565,0.05807,0.06708,42.67,9.93,211.9,0.0004023,0.1883,0.3347,0.2483,0.1898,0.1784,0.1922,0.1488,0.1266,0.1299,0,0.2041,21.02,1217,122800,16040000,1.179,3643,63550,47440000,835800000,14720000000,1138000000000,7536000000,132800000000,6245000000000000,39.1,0.2835,0.00209,1615,0.003523,0.1514,0.4883,90.49,216.6,624,0.009334,-0.7793,0.1396,-0.05052,-0.007956,0.06116,0.07955,0.03597,0.06315,0.01614,0,0.4981,75.5,4832,296700,67430000,4.983,6306,112400,-53000000,-939500000,-16650000000,1003000000000,8469000000,150100000000,5549000000000000,Happy
14.89,0.1561,0.00404,228.4,0.001528,0.05365,0.05268,32.23,37.91,34.74,0.0003754,0.1056,0.2514,0.1699,0.1511,0.1431,0.1266,0.1231,0.1524,0.1041,0,0.1415,18.84,1182,81780,14310000,0.4769,3643,53790,47500000,704500000,10440000000,1140000000000,6335000000,93950000000,3734000000000000,22.79,0.1781,0.001687,1632,0.002439,0.1038,0.6846,67.12,151,292.7,0.009943,-0.8787,0.1571,-0.2592,0.00163,0.0003974,-0.02169,0.03004,0.03179,0.003236,0,0.3056,62.87,4242,282600,59190000,3.055,6314,93550,-53100000,-786200000,-11630000000,1005000000000,7074000000,104700000000,3261000000000000,Happy
18.19,0.1443,0.006964,212.8,0.002842,0.1076,0.05339,37.63,35.74,376,0.0009287,0.1408,0.3294,0.2148,0.183,0.1724,0.1416,0.1664,0.1315,0.109,0,0.3211,22.33,1472,116800,18900000,2.147,3648,45090,47870000,581700000,7062000000,1154000000000,5242000000,63670000000,2055000000000000,20.69,0.1265,0.005388,1611,0.005151,0.2092,0.5198,53.04,150.9,1199,0.009763,-0.9135,0.2971,0.04896,0.1433,0.005342,0.008622,0.02982,0.03359,0.02508,0,0.5367,53.92,3819,324400,62710000,5.367,6361,74050,-53730000,-635000000,-7505000000,1021000000000,5730000000,67770000000,1726000000000000,Happy
15.36,0.1492,0.003366,190.1,0.001976,0.07143,0.03996,34.51,7.84,107.9,0.0001751,0.1119,0.4031,0.2527,0.1768,0.1536,0.1323,0.1304,0.1317,0.1147,0,0.2247,23.38,1899,128100,24680000,1.133,3646,48170,47530000,639900000,8605000000,1141000000000,5762000000,77520000000,2801000000000000,22.22,0.1451,0.002844,1659,0.005834,0.2354,0.4658,60.24,219.6,1457,0.009253,-0.9026,0.2593,-0.04608,0.05014,-0.001663,0.05028,0.05437,0.1012,0.05982,0,0.6235,57.54,4089,309300,62930000,6.237,6316,87260,-53130000,-726200000,-9921000000,1006000000000,6541000000,89430000000,2533000000000000,Happy
14.34,0.1314,0.004832,204.5,0.001649,0.06043,0.04263,30.6,9.981,105.3,0.0001458,0.09384,0.3144,0.2504,0.2113,0.1782,0.1404,0.145,0.1328,0.1315,0,0.1862,15.91,1357,93770,19850000,1.043,3644,49630,47480000,656800000,9081000000,1139000000000,5916000000,81820000000,3043000000000000,28.05,0.1896,0.003151,1687,0.004002,0.1671,0.5627,75.16,219.5,729.4,0.009345,-0.8711,0.3065,-0.1856,0.08495,-0.03242,-0.005543,0.0181,0.0157,0.07545,0,0.5015,61.61,3921,281400,55620000,5.012,6311,88550,-53060000,-739200000,-10290000000,1004000000000,6660000000,92780000000,2694000000000000,Happy
14.64,0.1701,0.003063,208.3,0.001402,0.05179,0.04086,32.87,9.552E-12,217.6,0.00009348,0.1147,0.4643,0.3201,0.2089,0.1589,0.1315,0.1381,0.1357,0.1133,0,0.2268,23.14,2074,147900,28620000,1.142,3643,51220,47440000,649800000,8891000000,1138000000000,5853000000,80110000000,2888000000000000,23.42,0.1585,0.003115,1659,0.005505,0.2266,0.5102,61.76,220.6,1375,0.009158,-0.8947,0.2122,0.01316,0.03919,0.07051,0.09133,0.08531,0.03549,0.03866,0,0.6591,56.91,4137,328100,67580000,6.596,6307,84430,-53000000,-718700000,-9740000000,1003000000000,6472000000,87780000000,2523000000000000,Happy
12.74,0.1194,0.001358,233.2,0.0009933,0.03668,0.04598,26.54,33.02,54.79,0.0001728,0.08211,0.3003,0.2628,0.1944,0.1646,0.18,0.1842,0.1531,0.1237,0,0.09594,15.43,1202,95710,17920000,0.5694,3643,50890,47490000,661600000,9212000000,1140000000000,5955000000,82950000000,3078000000000000,27.47,0.1679,0.0009172,1664,0.002159,0.08768,0.5534,66.97,184,201.9,0.009178,-0.8888,0.3403,-0.004702,0.03918,0.1019,-0.02593,0.03446,0.06328,0.06455,0,0.2298,61.65,4201,349400,67530000,2.297,6315,86350,-53100000,-730200000,-10030000000,1005000000000,6574000000,90400000000,2639000000000000,Happy
9.129,0.08688,0.003792,217.3,0.001817,0.06291,0.0355,22.31,1.856,60.11,0.0001001,0.05763,0.3024,0.2543,0.2058,0.1818,0.1586,0.1302,0.1406,0.1163,0,0.1847,17.26,1369,96200,19870000,0.56,3643,40410,47480000,525500000,5813000000,1139000000000,4729000000,52330000000,1541000000000000,16.36,0.09204,0.003381,1607,0.005428,0.2157,0.5425,42.74,220.5,1230,0.009145,-0.945,0.3761,-0.1425,0.2296,0.05669,0.1091,0.02412,0.09196,0.01349,0,0.5031,45.62,2980,239700,42110000,5.03,6313,69780,-53080000,-587400000,-6493000000,1005000000000,5286000000,58480000000,1360000000000000,Happy
11.24,0.1132,0.004213,219.4,0.0017,0.0575,0.04365,26.56,13.74,78.88,0.00009589,0.06814,0.232,0.1944,0.1685,0.1647,0.1621,0.1455,0.1299,0.1033,0,0.1849,15.77,1196,88270,18340000,0.6799,3643,47700,47380000,623000000,8185000000,1135000000000,5607000000,73710000000,2580000000000000,18.71,0.1213,0.003375,1615,0.004627,0.1893,0.4846,57.33,202.8,966.2,0.009234,-0.9173,0.1839,-0.2581,0.04371,0.01422,0.04814,0.05273,0.08162,0.06866,0,0.5144,56.82,4008,299000,57520000,5.151,6298,83110,-52900000,-696800000,-9170000000,1000000000000,6270000000,82570000000,2279000000000000,Happy
12.94,0.1242,0.007951,254.7,0.002827,0.1026,0.04148,28.55,30.68,243.5,0.0005955,0.09228,0.3255,0.2862,0.2101,0.2041,0.2006,0.1682,0.1537,0.1486,0,0.247,18.33,1455,110700,20570000,1.122,3644,44130,47510000,572300000,6890000000,1140000000000,5149000000,62020000000,1981000000000000,19.24,0.1153,0.006288,1601,0.005002,0.2017,0.5653,50.9,157.4,1091,0.009982,-0.926,0.318,-0.05508,0.05322,0.04371,0.1071,0.04093,0.05506,0.05116,0,0.4829,51.58,3695,326400,62160000,4.828,6315,74800,-53120000,-632700000,-7532000000,1006000000000,5693000000,67820000000,1715000000000000,Happy
12.6,0.1246,0.002097,202.7,0.001224,0.04825,0.03011,27.28,11.99,69.35,0.0000998,0.0864,0.2979,0.2064,0.1847,0.1589,0.1365,0.1431,0.133,0.1242,0,0.1945,15.53,1138,86680,16100000,0.912,3643,49070,47460000,650700000,8915000000,1138000000000,5862000000,80330000000,2959000000000000,24.58,0.1723,0.002102,1654,0.003467,0.1451,0.5231,67.13,208,562.9,0.00918,-0.8865,0.2717,-0.1425,0.02905,-0.03777,0.07914,-0.01345,0.05195,-0.002332,0,0.4495,58.96,3862,298200,57880000,4.497,6309,88680,-53030000,-737700000,-10260000000,1003000000000,6648000000,92510000000,2666000000000000,Happy
11.08,0.09016,0.002538,198.1,0.001801,0.06743,0.0381,23.67,21.72,235.4,0.0002515,0.07299,0.2955,0.2296,0.1635,0.1176,0.1077,0.1223,0.1236,0.1078,0,0.1594,14.35,1312,110300,22010000,0.9519,3643,41880,47440000,550100000,6375000000,1138000000000,4951000000,57410000000,1787000000000000,21.53,0.1278,0.002141,1673,0.00377,0.1529,0.5284,55.68,192.2,631.2,0.009317,-0.9216,0.3744,0.005362,0.04831,0.004125,0.05393,0.03824,0.07403,0.01422,0,0.4076,51.69,3543,328600,60290000,4.074,6306,73400,-53000000,-615100000,-7132000000,1003000000000,5536000000,64240000000,1562000000000000,Happy
13.55,0.1237,0.002902,203.8,0.001662,0.05989,0.03641,28.71,6.435,153.8,0.0001635,0.08797,0.3237,0.2302,0.1771,0.1686,0.1579,0.145,0.1283,0.1231,0,0.2035,17.43,1324,97450,18770000,0.7897,3643,48160,47490000,628500000,8315000000,1140000000000,5659000000,74890000000,2641000000000000,22.18,0.1423,0.003044,1616,0.004629,0.1893,0.5133,60.08,187.9,945.9,0.009194,-0.9059,0.2944,-0.1931,0.1585,-0.01069,0.08536,-0.04841,0.02418,-0.004895,0,0.5236,56.81,3675,262600,49850000,5.236,6313,84700,-53080000,-709700000,-9482000000,1005000000000,6391000000,85440000000,2380000000000000,Happy
37.51,0.2863,0.002003,201.4,0.001053,0.04571,0.03444,64.28,29.33,58.29,0.0001403,0.3161,0.3588,0.2297,0.179,0.1571,0.1362,0.1258,0.1192,0.1238,0,0.2447,24.94,1361,153400,16930000,1.107,3644,73900,47460000,958100000,19330000000,1138000000000,8613000000,173800000000,9.348E+015,51.12,0.3965,0.002056,1632,0.003162,0.1435,0.5066,119,176.8,553.7,0.009202,-0.6571,0.01362,-0.1239,-0.0722,-0.05558,-0.05842,0.04238,0.02577,0.01897,0,0.552,85.55,5251,234800,67670000,5.527,6308,126200,-53020000,-1065000000,-21370000000,1003000000000,9567000000,192100000000,8153000000000000,Happy
19.03,0.1537,0.009804,241.5,0.002415,0.08738,0.05274,38.69,20.32,182.2,0.0005747,0.1287,0.2558,0.2674,0.2158,0.1826,0.1533,0.1541,0.1588,0.1329,0,0.1968,19.98,1253,120100,21840000,0.8404,3645,47320,47480000,620100000,8095000000,1139000000000,5569000000,72730000000,2538000000000000,24.41,0.1687,0.004079,1691,0.003772,0.1552,0.6242,66.88,129.2,645.6,0.01019,-0.8846,0.2939,-0.239,0.01975,0.02124,0.06249,0.06103,0.06714,0.06207,0,0.3841,57.1,3785,294100,57530000,3.841,6308,83600,-53030000,-699400000,-9216000000,1004000000000,6280000000,82810000000,2282000000000000,Happy
23.53,0.1871,0.00192,270.1,0.00155,0.05723,0.03678,37.24,26.13,48.15,0.0003584,0.1838,0.2979,0.2376,0.1367,0.1572,0.141,0.1488,0.1044,0.1117,0,0.171,22.53,1367,139800,22400000,1.024,3642,51050,47440000,666800000,9366000000,1138000000000,5975000000,83970000000,3162000000000000,22.68,0.1513,0.001846,1619,0.003181,0.1304,0.5255,56.69,138.1,465.4,0.009488,-0.8805,0.02925,0.07448,-0.04226,0.05379,-0.01166,0.04076,0.0581,0.02309,0,0.3588,60.85,4781,406100,83080000,3.591,6308,89010,-53010000,-746900000,-10520000000,1003000000000,6689000000,94240000000,2796000000000000,Happy
16.56,0.1658,0.001713,246.3,0.001214,0.04275,0.03806,34.44,8.666,30.39,0.0001103,0.1167,0.3075,0.1958,0.1828,0.1612,0.1256,0.1519,0.1405,0.1324,0,0.1414,21.58,1467,89160,19320000,0.5216,3643,50470,47270000,653800000,9037000000,1131000000000,5873000000,81220000000,2980000000000000,22.46,0.1706,0.001474,1632,0.002859,0.1187,0.6062,60.64,170.1,373.9,0.009273,-0.8859,0.2667,-0.3541,0.09943,-0.03844,0.08441,-0.02367,0.08363,-0.02531,0,0.3307,56,3406,205900,41760000,3.311,6283,86430,-52700000,-726400000,-10010000000,995200000000,6519000000,89840000000,2611000000000000,Happy
17.94,0.1589,0.00596,269.7,0.002401,0.09023,0.07318,38.1,32.91,355.5,0.0002994,0.1409,0.3094,0.2581,0.2117,0.1829,0.1695,0.1584,0.1456,0.1439,0,0.2816,22.12,1467,104000,20680000,1.443,3643,50740,47130000,644900000,8815000000,1126000000000,5798000000,79290000000,2871000000000000,27.81,0.1883,0.004597,1661,0.004568,0.1864,0.5606,69.52,167.7,1004,0.009387,-0.8641,0.3403,-0.171,0.09555,0.008878,0.07235,0.01741,0.07198,0.01506,0,0.5017,58.43,3587,253000,50330000,5.025,6263,83940,-52450000,-710000000,-9608000000,988800000000,6373000000,86300000000,2475000000000000,Happy
18.04,0.1696,0.001249,229.8,0.0009571,0.03639,0.04275,34.88,27.04,51.09,0.00009376,0.1302,0.3085,0.2601,0.2124,0.1494,0.1327,0.1573,0.1615,0.1663,0,0.1536,20.62,1518,100700,21680000,0.8329,3643,53200,47190000,686500000,9981000000,1128000000000,6168000000,89710000000,3463000000000000,26.96,0.2051,0.001171,1648,0.002762,0.1162,0.507,70.46,183.4,359.9,0.009071,-0.8578,0.2525,-0.2893,0.02262,-0.0062,-0.008066,0.03903,0.07287,-0.0685,0,0.3619,61.47,3824,247300,51980000,3.625,6272,89990,-52570000,-757800000,-10920000000,991700000000,6798000000,97980000000,2991000000000000,Happy
17.52,0.149,0.005031,186.7,0.001867,0.06499,0.03345,37.03,13.38,120.6,0.00008886,0.1413,0.3061,0.2152,0.1603,0.1346,0.1354,0.1387,0.1318,0.09964,0,0.2085,20.56,1330,114000,16760000,0.8726,3644,45420,47410000,592700000,7405000000,1137000000000,5333000000,66660000000,2222000000000000,18.92,0.1154,0.004284,1600,0.005283,0.214,0.5068,52.67,194.6,1230,0.009218,-0.9172,0.1705,0.04877,-0.01896,0.1202,0.08382,0.0719,0.04458,0.03203,0,0.5726,54.37,4236,384900,76120000,5.735,6302,78720,-52940000,-661100000,-8247000000,1001000000000,5947000000,74240000000,1948000000000000,Happy
9.476,0.09705,0.001286,232.3,0.001219,0.04376,0.052,26.32,12.55,104.7,0.0001503,0.09598,0.2947,0.2712,0.1737,0.1613,0.1383,0.1224,0.1297,0.1229,0,0.1115,16.47,1303,107700,20510000,0.7958,3643,40110,47030000,511500000,5559000000,1121000000000,4593000000,49940000000,1438000000000000,14.65,0.08677,0.0009944,1673,0.003567,0.1408,0.5231,44.25,216.1,538.7,0.00907,-0.9392,0.2406,-0.05019,0.09911,0.02827,0.1161,0.03403,0.04389,0.06316,0,0.3303,47.9,3785,353900,66080000,3.309,6249,67180,-52270000,-565500000,-6112000000,984300000000,5071000000,54860000000,1251000000000000,Sad
22.62,0.1932,0.001982,210.2,0.001507,0.0549,0.04309,46.1,12.81,154.6,0.0002106,0.1729,0.2903,0.2287,0.1821,0.2066,0.1534,0.1675,0.1618,0.1787,0,0.154,22.27,1377,92480,16630000,0.9407,3643,51650,47480000,695600000,10180000000,1139000000000,6260000000,91610000000,3608000000000000,31.28,0.2243,0.001866,1636,0.00342,0.1412,0.5249,76.63,193.2,546.6,0.009277,-0.8349,0.3003,-0.2699,0.09869,0.04825,0.07852,-0.04465,0.03195,0.009908,0,0.4129,63.4,3783,232200,49840000,4.132,6312,98400,-53070000,-808500000,-12330000000,1004000000000,7276000000,111100000000,3447000000000000,Sad
12.38,0.1266,0.002409,215.6,0.002068,0.07464,0.07665,26.35,13.76,230.9,0.0003696,0.09133,0.3713,0.287,0.1653,0.1478,0.1627,0.1482,0.1364,0.125,0,0.1228,20.8,1614,144200,25900000,0.7914,3644,41090,47470000,541500000,6172000000,1139000000000,4872000000,55560000000,1703000000000000,14.18,0.08495,0.001257,1641,0.003934,0.1527,0.5537,36.91,217.5,649.1,0.00955,-0.9452,0.1362,0.11,0.1446,0.1389,0.09375,0.1189,0.01745,0.009055,0,0.2915,49.67,4315,416600,81750000,2.919,6310,72720,-53050000,-608100000,-6965000000,1004000000000,5472000000,62730000000,1502000000000000,Sad
21.76,0.2157,0.002,247.2,0.001497,0.05649,0.04245,38.51,27.46,197.5,0.0002089,0.1722,0.5215,0.297,0.2168,0.1613,0.1696,0.1489,0.1289,0.1148,0,0.1581,24.48,2227,159800,30490000,0.9328,3646,47420,47540000,618800000,8050000000,1142000000000,5554000000,72290000000,2522000000000000,24.14,0.1639,0.001417,1657,0.003227,0.1301,0.5543,56.41,197.7,478.1,0.009135,-0.8936,0.2739,0.2209,0.04606,0.02527,-0.01818,0.05337,0.003551,-0.02415,0,0.3276,52.74,4027,371500,77460000,3.279,6315,81770,-53130000,-688900000,-8922000000,1006000000000,6182000000,80130000000,2196000000000000,Sad
16.27,0.1263,0.0009964,162.5,0.001293,0.04941,0.05718,37.73,28.67,147.6,0.0002566,0.1107,0.1675,0.244,0.1598,0.1552,0.1368,0.1357,0.133,0.1368,0,0.133,14.78,837.7,69300,12810000,1.172,3643,35260,47390000,460100000,4475000000,1136000000000,4137000000,40260000000,1059000000000000,23.73,0.1598,0.0009125,1702,0.003291,0.1315,0.5418,60.27,205.4,468.7,0.009233,-0.9041,0.583,-0.2576,0.09968,0.05391,0.06375,-0.01506,0.04944,0.06339,0,0.3349,44.51,2447,213600,37830000,3.35,6302,59130,-52940000,-500400000,-4733000000,1001000000000,4499000000,42590000000,863300000000000,Sad
12.86,0.112,0.001615,246.4,0.001708,0.06487,0.08198,30.1,13.32,232.4,0.0002636,0.08146,0.27,0.2529,0.1947,0.195,0.157,0.1668,0.1781,0.1668,0,0.1533,13.1,1087,95480,19220000,1.253,3643,40250,47470000,531400000,5947000000,1139000000000,4785000000,53560000000,1614000000000000,23.84,0.1508,0.001351,1735,0.003622,0.1437,0.4943,58.31,216.1,574,0.009335,-0.9082,0.5032,-0.2883,0.08225,0.06912,0.04565,-0.004366,0.09431,0.12,0,0.3525,50.27,2840,234600,43010000,3.53,6310,71890,-53050000,-599900000,-6780000000,1004000000000,5403000000,61100000000,1437000000000000,Sad
23.96,0.1571,0.0008508,176.8,0.00118,0.04404,0.0577,50.73,24.57,123.7,0.0008811,0.1575,0.3151,0.3115,0.1904,0.192,0.1604,0.1826,0.1783,0.1323,0,0.09461,23.37,1436,134700,25740000,0.8144,3654,37550,47920000,529800000,5797000000,1156000000000,4804000000,52580000000,1623000000000000,24.37,0.1546,0.0004954,1647,0.002382,0.09314,0.5038,61.63,213.9,250.8,0.009576,-0.8804,0.4077,-0.2071,0.1258,0.05851,0.03694,0.03527,0.06906,0.1269,0,0.198,50.71,3087,256300,48550000,1.98,6366,80380,-53830000,-647300000,-7861000000,1024000000000,5885000000,71530000000,1684000000000000,Sad
14.82,0.125,0.002318,199.8,0.001531,0.058,0.05818,30.72,24.03,127.2,0.0003558,0.1073,0.3039,0.2528,0.2415,0.2092,0.1945,0.1696,0.1658,0.1676,0,0.1463,16.99,1297,94680,18070000,1.052,3646,48760,47550000,621800000,8124000000,1142000000000,5599000000,73190000000,2508000000000000,25.7,0.1601,0.00112,1724,0.002867,0.1152,0.5582,65.52,209.1,366.7,0.009403,-0.8904,0.3679,-0.1541,0.01941,0.03014,-0.05369,0.0671,0.04931,0.09229,0,0.3025,56.96,3709,299800,58290000,3.026,6315,80290,-53130000,-684300000,-8812000000,1006000000000,6161000000,79400000000,2181000000000000,Sad
23.97,0.2096,0.001788,227.1,0.001025,0.03826,0.07102,47.25,23.71,80.91,0.0001277,0.1818,0.3183,0.2521,0.2246,0.2445,0.1724,0.1516,0.1549,0.1513,0,0.1256,23.32,1517,139200,23290000,0.7355,3643,56430,47440000,736300000,11420000000,1138000000000,6624000000,102800000000,4260000000000000,30.52,0.2255,0.001024,1697,0.002631,0.108,0.555,78.39,208.6,317,0.009178,-0.8271,0.2219,-0.3257,-0.007313,0.06129,0.04303,0.002762,0.09129,0.07837,0,0.2948,64.8,4197,256300,58750000,2.949,6306,100000,-53000000,-835800000,-13170000000,1003000000000,7517000000,118600000000,3881000000000000,Sad
10.72,0.1016,0.001667,213.1,0.001104,0.04034,0.06919,24.25,26.24,94.43,0.0001774,0.0663,0.3168,0.2442,0.1987,0.1772,0.1466,0.1819,0.1594,0.1391,0,0.1107,13.66,1185,88000,17880000,0.803,3643,45290,47440000,585800000,7228000000,1138000000000,5273000000,65100000000,2125000000000000,23.71,0.1505,0.001045,1724,0.002808,0.1133,0.5411,62.51,204.4,347.8,0.009279,-0.9099,0.4079,-0.061,0.04829,-0.02908,-0.02132,-0.02536,-0.00636,0.05284,0,0.297,53.93,3594,316000,58740000,2.971,6308,77510,-53020000,-653500000,-8048000000,1003000000000,5884000000,72520000000,1881000000000000,Sad
10.65,0.07611,0.003228,233.5,0.002109,0.07879,0.05494,23.78,11.85,240.9,0.000294,0.04708,0.2187,0.2769,0.2241,0.1501,0.1615,0.1617,0.1259,0.1158,0,0.1651,12.79,924.1,84290,16410000,1.405,3647,26390,47550000,341600000,2452000000,1142000000000,3077000000,22100000000,425700000000000,15.67,0.09669,0.001747,1762,0.004098,0.1592,0.5347,38.9,216.1,678.9,0.009394,-0.9546,0.6574,-0.2298,0.06127,0.02249,-0.003409,-0.01052,0.07748,0.02117,0,0.3219,32.68,1663,158800,27310000,3.222,6315,46060,-53140000,-386800000,-2814000000,1007000000000,3485000000,25380000000,383700000000000,Sad
8.524,0.07135,0.003203,238.1,0.001864,0.06738,0.06826,19.9,4.59,236.6,0.000183,0.04362,0.291,0.2519,0.1865,0.1628,0.16,0.1324,0.1339,0.1267,0,0.1357,14.44,1237,96440,20260000,0.9302,3642,35100,47430000,462000000,4497000000,1138000000000,4162000000,40530000000,1054000000000000,17.6,0.1082,0.002017,1697,0.004318,0.1697,0.5927,45.83,199.2,802.8,0.009387,-0.9474,0.5411,-0.05959,0.07001,0.02461,-0.01866,0.01692,0.006479,0.03349,0,0.3779,42.19,2716,262000,47450000,3.781,6308,62600,-53010000,-522400000,-5144000000,1003000000000,4707000000,46380000000,949200000000000,Sad
13.88,0.1265,0.001377,214.1,0.001336,0.05064,0.06078,30.28,25.14,144.2,0.0002896,0.09492,0.2937,0.2464,0.1779,0.1654,0.1336,0.1668,0.1466,0.1276,0,0.1385,14.97,1230,102400,20000000,0.9848,3643,51690,47470000,676500000,9636000000,1139000000000,6080000000,86640000000,3312000000000000,27.37,0.1839,0.0009333,1762,0.003207,0.1306,0.5051,69.98,209,450.3,0.009277,-0.8762,0.2973,-0.1108,0.07876,-0.06973,0.01615,0.006373,0.02647,0.03736,0,0.3646,62.42,4084,306700,59960000,3.646,6311,90140,-53060000,-756700000,-10780000000,1004000000000,6804000000,97020000000,2906000000000000,Sad
12.9,0.1219,0.002528,242.2,0.00202,0.07518,0.0601,31.27,24.19,296.3,0.00057,0.08733,0.2247,0.2506,0.2016,0.2039,0.1771,0.1706,0.1576,0.1478,0,0.1491,13.61,874.6,69110,12590000,1.213,3644,35610,47490000,479600000,4834000000,1140000000000,4321000000,43570000000,1190000000000000,21.47,0.1438,0.00143,1721,0.00341,0.134,0.5406,55.31,204.9,522.6,0.009585,-0.9176,0.5213,-0.3275,0.2263,-0.0164,0.01747,0.05127,0.09277,0.03215,0,0.3027,44.95,2480,198700,34510000,3.027,6313,66550,-53090000,-549400000,-5689000000,1005000000000,4956000000,51360000000,1090000000000000,Sad
11.4,0.1139,0.001171,208.7,0.001255,0.04444,0.06581,25.99,5.666,109.5,0.0002075,0.07404,0.4016,0.2568,0.1945,0.1663,0.1427,0.1359,0.1511,0.1645,0,0.1041,17.4,1638,125200,24810000,0.613,3642,48270,47450000,628200000,8314000000,1138000000000,5650000000,74800000000,2650000000000000,21.31,0.1244,0.00101,1682,0.003506,0.1397,0.4929,53.9,219.8,505.7,0.009195,-0.9175,0.2429,0.009295,-0.007731,0.03805,0.1231,0.06027,0.04844,0.08446,0,0.344,57.57,4238,362300,71110000,3.441,6310,83860,-53040000,-704500000,-9350000000,1004000000000,6337000000,84170000000,2343000000000000,Sad
8.267,0.06998,0.003199,180,0.00241,0.08835,0.06731,20.97,44.02,439.2,0.0003806,0.04543,0.2841,0.2179,0.1653,0.141,0.1267,0.1424,0.1135,0.1125,0,0.1623,13.83,1214,100500,19540000,1.417,3643,30820,47470000,395300000,3290000000,1139000000000,3555000000,29610000000,656700000000000,13.37,0.07657,0.001876,1730,0.004339,0.1683,0.582,35.15,190.3,778.6,0.009381,-0.9631,0.5094,-0.1129,0.09674,0.0375,0.01413,0.04634,0.0562,0.02435,0,0.3307,37.99,2519,250200,44260000,3.309,6312,50560,-53060000,-431000000,-3500000000,1004000000000,3875000000,31500000000,549500000000000,Sad
9.454,0.08385,0.002499,193.8,0.00183,0.06614,0.0701,23.38,28.03,174.6,0.0002656,0.05319,0.2804,0.2356,0.1908,0.1618,0.1402,0.1345,0.1265,0.1184,0,0.1285,14.26,1224,98740,20070000,0.843,3643,37150,47410000,487600000,5014000000,1137000000000,4386000000,45120000000,1237000000000000,18.69,0.1071,0.001539,1697,0.003666,0.1444,0.533,47.78,196.5,564.5,0.009329,-0.9414,0.4951,-0.1252,0.1808,0.08494,0.04586,0.04671,0.06067,0.02908,0,0.3294,45.25,2804,255500,45280000,3.298,6304,66410,-52970000,-553500000,-5782000000,1002000000000,4978000000,52040000000,1128000000000000,Sad
9.251,0.08247,0.003248,200.1,0.001747,0.06242,0.04759,23.48,9.552E-12,102.4,0.0002296,0.0553,0.2929,0.3834,0.1962,0.1832,0.1854,0.1482,0.1377,0.1373,0,0.1268,13.53,1422,156100,31150000,0.997,3644,33200,47450000,428500000,3868000000,1138000000000,3857000000,34840000000,833700000000000,15.93,0.0984,0.001907,1712,0.004038,0.1584,0.6006,42.27,220.6,660.3,0.009477,-0.9505,0.5003,-0.1205,0.05783,0.04868,0.06951,0.01053,0.07266,0.04549,0,0.3387,40.45,2661,265700,48410000,3.389,6307,58100,-53010000,-487000000,-4471000000,1003000000000,4383000000,40280000000,767400000000000,Sad
11.76,0.0758,0.003343,208.3,0.002181,0.07809,0.05002,26.72,7.798,297,0.0002997,0.05973,0.349,0.298,0.2095,0.1589,0.1814,0.1724,0.1603,0.1431,0,0.1351,16.13,1516,138200,27730000,0.941,3643,34920,47440000,464800000,4556000000,1138000000000,4183000000,41030000000,1094000000000000,16.65,0.08702,0.002564,1646,0.004992,0.1939,0.5038,42.57,216.6,1007,0.009425,-0.9471,0.4069,0.03486,0.1369,0.0772,0.0497,-0.0186,-0.002762,-0.008339,0,0.3862,43.87,3177,320600,59330000,3.866,6307,61980,-53010000,-517600000,-5053000000,1003000000000,4660000000,45530000000,932900000000000,Sad
22.92,0.1916,0.001907,235.4,0.001527,0.05275,0.05711,48.52,10.29,102.6,0.0001776,0.1764,0.253,0.257,0.1887,0.229,0.1806,0.1611,0.1919,0.1723,0,0.1299,21.98,1135,131200,15450000,0.8621,3644,54500,47410000,695500000,10180000000,1136000000000,6250000000,91550000000,3522000000000000,22.97,0.1527,0.001551,1643,0.003971,0.158,0.5181,59.73,217.6,656.3,0.009182,-0.8744,0.06633,-0.158,0.04856,0.1443,0.0106,-0.007329,0.04023,0.02888,0,0.3637,63.52,4773,344800,73210000,3.643,6301,87390,-52930000,-748400000,-10590000000,1001000000000,6721000000,95210000000,2926000000000000,Sad
19.1,0.1412,0.0007739,222,0.001177,0.04558,0.0643,40.59,22.56,98.71,0.0005291,0.145,0.2629,0.2871,0.2464,0.2195,0.2266,0.2175,0.2106,0.1731,0,0.1255,15.57,1034,81780,15160000,1.124,3644,43630,47470000,563900000,6696000000,1139000000000,5080000000,60350000000,1914000000000000,28.49,0.179,0.0005676,1741,0.002317,0.09283,0.5483,68.2,212.9,228,0.009543,-0.8737,0.4986,-0.2709,0.1693,-0.02462,0.02285,-0.08471,0.1028,-0.01423,0,0.2367,52.67,2840,214100,39010000,2.366,6310,73400,-53060000,-621800000,-7283000000,1004000000000,5601000000,65650000000,1632000000000000,Sad
6.888,0.0648,0.001532,203.1,0.001336,0.0489,0.06564,16.44,23.38,119.3,0.0002586,0.04777,0.3208,0.303,0.177,0.1796,0.1423,0.1277,0.1478,0.1233,0,0.09033,16.78,1595,129300,25360000,0.711,3645,32970,47550000,415900000,3633000000,1142000000000,3752000000,32800000000,742000000000000,13.69,0.07202,0.0006429,1721,0.002732,0.1052,0.5674,33.59,211.5,304.5,0.009284,-0.9647,0.514,-0.04094,0.08962,0.1153,0.05422,0.01435,0.08122,0.07412,0,0.203,38.42,2618,257400,47220000,2.026,6316,53480,-53140000,-457600000,-3941000000,1006000000000,4127000000,35580000000,653400000000000,Sad
17.51,0.1543,0.001877,221.6,0.001438,0.05017,0.06032,38.5,26.45,76.51,0.0001051,0.11,0.1901,0.2428,0.2009,0.237,0.1619,0.1717,0.1648,0.2014,0,0.1156,15.66,930.2,103000,18430000,0.7865,3643,45550,47480000,603700000,7673000000,1139000000000,5436000000,69110000000,2365000000000000,24.8,0.1886,0.001372,1776,0.003972,0.1576,0.5773,65.51,182.2,650.7,0.009035,-0.8742,0.3473,-0.4128,0.07778,-0.05577,0.02621,-0.111,-0.04814,-0.01039,0,0.3683,57.26,3444,229100,45560000,3.682,6312,80830,-53070000,-675600000,-8599000000,1004000000000,6085000000,77490000000,2065000000000000,Sad
10.75,0.09426,0.0008887,197.8,0.00136,0.05038,0.05707,25.68,23.51,137,0.000265,0.07085,0.2819,0.1979,0.181,0.1502,0.1399,0.1486,0.1363,0.1286,0,0.1056,13.52,1086,85220,16570000,0.848,3644,39840,47470000,524900000,5799000000,1139000000000,4726000000,52240000000,1546000000000000,18.76,0.1137,0.0006064,1713,0.002396,0.09471,0.5411,49.6,210.4,247.9,0.009413,-0.9335,0.4076,-0.1169,0.1033,-0.004827,0.01095,0.05916,0.04096,0.02738,0,0.2238,49.42,3312,300100,54290000,2.239,6309,71470,-53040000,-595700000,-6686000000,1004000000000,5366000000,60280000000,1402000000000000,Sad
16.58,0.1449,0.002115,218,0.001862,0.07047,0.05795,33.87,30.32,218.1,0.0006636,0.1209,0.3323,0.2325,0.2125,0.183,0.1919,0.1597,0.1378,0.1324,0,0.1772,16.7,1309,91960,19040000,1.325,3646,49850,47630000,657500000,9085000000,1145000000000,5929000000,81960000000,3063000000000000,32.5,0.2227,0.001403,1681,0.003017,0.1228,0.5381,80.32,198.5,445.7,0.009508,-0.8472,0.3901,-0.231,0.1428,-0.08141,-0.01778,0.04161,0.07294,0.04127,0,0.3349,61.93,3564,240700,47450000,3.351,6330,86220,-53320000,-726900000,-9907000000,1011000000000,6562000000,89480000000,2582000000000000,Sad
6.49,0.04597,0.001621,224.4,0.001642,0.05938,0.05512,17.04,22.14,200.4,0.0005414,0.02869,0.2389,0.2064,0.225,0.1369,0.1265,0.1439,0.09999,0.09943,0,0.1046,9.863,944.9,102100,18680000,0.8201,3644,22080,47500000,294300000,1823000000,1140000000000,2655000000,16460000000,277900000000000,11.46,0.06588,0.001235,1691,0.003672,0.1424,0.5135,29.63,210.8,569,0.009212,-0.975,0.6052,0.04269,0.09543,-0.07734,0.02026,0.05263,0.05028,0.04462,0,0.2789,29.11,1836,214500,37180000,2.788,6313,39870,-53090000,-331900000,-2073000000,1005000000000,2995000000,18740000000,242900000000000,Sad
16.21,0.1451,0.0009761,202,0.0009785,0.03485,0.05233,34.87,5.873,59.37,0.0001207,0.1102,0.2895,0.2983,0.2209,0.1858,0.1522,0.1549,0.1565,0.1943,0,0.1128,17.1,1466,138600,27560000,0.814,3644,50040,47470000,648800000,8865000000,1139000000000,5840000000,79820000000,2905000000000000,23.99,0.1763,0.0009895,1712,0.003198,0.13,0.4983,66.21,217,447.7,0.009173,-0.8821,0.2484,-0.289,0.03564,0.005269,0.04682,-0.006353,-0.02331,0.07004,0,0.3566,60.27,3940,279100,56550000,3.569,6309,85820,-53040000,-723300000,-9858000000,1004000000000,6510000000,88770000000,2549000000000000,Sad
16.33,0.1542,0.001573,171.3,0.001388,0.05182,0.06372,33.06,14.16,127.4,0.0003305,0.1227,0.3177,0.2586,0.1967,0.1564,0.1456,0.155,0.1412,0.1232,0,0.1248,17.94,1288,95130,17120000,0.9027,3645,49140,47470000,646800000,8815000000,1139000000000,5824000000,79390000000,2943000000000000,28.87,0.1888,0.0009491,1659,0.002515,0.1025,0.5745,70.83,215.5,289.4,0.009373,-0.872,0.3578,-0.05339,-0.01471,0.107,0.01018,0.01859,0.02034,0.02479,0,0.2833,62.43,4069,316300,63320000,2.836,6306,88230,-53010000,-734700000,-10190000000,1003000000000,6617000000,91790000000,2631000000000000,Sad
17.72,0.1521,0.002259,249.2,0.001803,0.06657,0.0555,41.48,27.45,156.8,0.0005036,0.1258,0.2642,0.2865,0.1767,0.1903,0.1525,0.1635,0.1287,0.1269,0,0.1531,18.8,1061,83900,15050000,1.195,3647,33130,47570000,452500000,4296000000,1142000000000,4068000000,38640000000,1016000000000000,20.04,0.1348,0.001499,1705,0.003768,0.1478,0.5167,49.59,204.4,568.3,0.009541,-0.9155,0.49,-0.182,0.1482,0.02381,0.1635,0.02633,0.02168,0.06134,0,0.3213,42.78,2503,211900,38260000,3.213,6319,62910,-53180000,-517800000,-5048000000,1008000000000,4656000000,45440000000,909600000000000,Sad
15.57,0.1332,0.0008916,175.2,0.001259,0.04658,0.04695,29.78,24,117,0.0003343,0.1315,0.3639,0.2721,0.2163,0.1789,0.1667,0.1474,0.1485,0.1614,0,0.09534,21.02,1754,164000,28800000,0.7352,3643,35820,47150000,451700000,4320000000,1126000000000,4057000000,38830000000,961400000000000,13.47,0.08011,0.0005484,1657,0.002432,0.0947,0.5294,36.65,194.4,252,0.009385,-0.945,0.2132,0.153,0.1541,-0.01044,0.0939,0.1107,0.1005,-0.01114,0,0.1932,41.24,3563,374900,72040000,1.933,6264,57240,-52470000,-488400000,-4552000000,989400000000,4378000000,40860000000,820900000000000,Sad
15.59,0.1357,0.005081,232.9,0.002762,0.1015,0.06111,32.49,63.1,260,0.0004398,0.1131,0.2514,0.3026,0.1969,0.2136,0.1862,0.1717,0.1382,0.1235,0,0.2057,17.44,1049,90310,15720000,1.606,3648,39570,47580000,515100000,5581000000,1143000000000,4650000000,50400000000,1469000000000000,19.45,0.1241,0.00294,1659,0.005366,0.2096,0.5657,48.58,177.1,1124,0.009409,-0.9174,0.4294,-0.2943,0.1383,0.02463,0.06605,0.1272,0.1056,0.08776,0,0.4381,48.78,3041,241200,45070000,4.384,6319,66590,-53190000,-564600000,-5991000000,1008000000000,5100000000,54150000000,1223000000000000,Sad
17.49,0.1612,0.001992,192.4,0.001679,0.0615,0.05797,38.71,28.58,140.5,0.0001889,0.1389,0.3028,0.2839,0.2013,0.159,0.1439,0.1387,0.151,0.1425,0,0.1297,22.6,1494,130400,22050000,0.7999,3645,40870,47540000,533400000,5986000000,1142000000000,4779000000,53660000000,1634000000000000,15.98,0.1072,0.0007702,1706,0.003168,0.1245,0.5986,44.69,170.5,430.4,0.009332,-0.9222,0.2147,-0.1096,0.08289,0.07981,0.1075,0.0797,0.03198,0.06438,0,0.2679,48.38,3734,324600,64020000,2.679,6318,70660,-53150000,-594900000,-6652000000,1007000000000,5331000000,59670000000,1411000000000000,Sad
19.19,0.1625,0.0005377,240.8,0.0008414,0.03112,0.04545,41.44,14.68,40.8,0.0003031,0.1486,0.2412,0.2212,0.1749,0.159,0.1487,0.1562,0.1637,0.1287,0,0.07982,16.95,985.2,83770,13940000,0.6077,3644,51960,47030000,690500000,10130000000,1122000000000,6196000000,90930000000,3622000000000000,31.23,0.2026,0.0003806,1692,0.001729,0.07057,0.5394,76.74,213.6,135.2,0.009385,-0.8397,0.2662,-0.1786,0.1381,0.05243,0.06037,0.02262,0.07951,0.01711,0,0.1959,65.91,4087,277400,55080000,1.962,6248,93770,-52270000,-774600000,-11480000000,984400000000,6939000000,102900000000,3169000000000000,Sad
24.15,0.1993,0.00293,193.3,0.002159,0.08116,0.054,53.09,23.23,346.4,0.0005142,0.1808,0.253,0.2693,0.2184,0.2216,0.1856,0.1714,0.1913,0.1758,0,0.2161,18.65,1061,112600,17420000,1.696,3644,56780,47480000,733200000,11320000000,1139000000000,6618000000,102200000000,4127000000000000,31.75,0.2275,0.002572,1711,0.004688,0.1889,0.5171,82.88,208.2,983.4,0.009444,-0.8149,0.2113,-0.3027,-0.06449,0.1027,0.02127,-0.005463,0.1241,0.07886,0,0.4974,66.35,4499,303300,65180000,4.979,6309,96300,-53040000,-813800000,-12480000000,1004000000000,7346000000,112700000000,3651000000000000,Sad
11.83,0.1252,0.001763,241.1,0.001443,0.05457,0.04434,29.67,20.87,155.5,0.0001966,0.08581,0.3354,0.1977,0.1966,0.1544,0.1469,0.1383,0.1292,0.1306,0,0.1631,15.88,1275,80820,15450000,1.142,3647,49630,47570000,660200000,9157000000,1143000000000,5945000000,82490000000,3087000000000000,25.6,0.1591,0.001548,1702,0.003603,0.1479,0.5201,66.35,206.6,587,0.00914,-0.8888,0.2073,-0.02577,0.1335,0.04687,0.1019,-0.02199,0.04394,0.06339,0,0.4298,60.86,4214,332400,63380000,4.298,6320,88930,-53190000,-742400000,-10360000000,1008000000000,6689000000,93380000000,2720000000000000,Sad
6.634,0.06324,0.001656,214.5,0.001858,0.07041,0.05248,17.32,13.61,205.1,0.0004232,0.04029,0.2846,0.2484,0.1839,0.1958,0.1415,0.1391,0.1388,0.1399,0,0.1623,13.94,1320,120500,22820000,1.395,3646,30270,47530000,390700000,3207000000,1141000000000,3518000000,28910000000,626800000000000,10.78,0.06191,0.001284,1685,0.004111,0.1605,0.5236,29.28,217.4,687.3,0.009491,-0.9715,0.3774,0.04286,0.07924,0.06764,0.1019,-0.01755,0.05116,0.1163,0,0.3246,36.53,2904,324300,59290000,3.248,6314,50650,-53120000,-429900000,-3476000000,1006000000000,3873000000,31360000000,539800000000000,Sad
21.19,0.1708,0.001015,251.2,0.001098,0.0435,0.0466,46.55,28.22,66.65,0.0004336,0.172,0.2953,0.2831,0.1937,0.2113,0.165,0.1786,0.1557,0.1399,0,0.1379,20.46,1370,115500,19200000,1.131,3645,47310,47520000,597900000,7507000000,1141000000000,5391000000,67720000000,2232000000000000,23.81,0.1509,0.0006329,1705,0.002237,0.09006,0.5286,59.77,199.7,217.2,0.009378,-0.8843,0.2584,-0.05448,0.105,0.03937,0.1062,-0.02014,0.04117,0.05138,0,0.2359,54.69,3902,323600,62920000,2.356,6313,74560,-53100000,-642600000,-7787000000,1005000000000,5791000000,70230000000,1846000000000000,Sad
22.35,0.2271,0.0009855,216,0.001097,0.03843,0.05947,49.24,19.12,89.73,0.0002615,0.1859,0.3233,0.3291,0.2084,0.1591,0.1591,0.1558,0.1396,0.1427,0,0.07194,25.95,1586,189900,18670000,0.3357,3643,51240,47470000,694200000,10120000000,1139000000000,6249000000,91130000000,3637000000000000,23.09,0.1579,0.0007087,1693,0.002565,0.102,0.5421,61.97,210.6,293,0.009201,-0.8703,-0.1544,0.05079,0.2297,0.2398,0.1801,0.03306,-0.02071,-0.01734,0,0.2331,65.24,5694,427400,94530000,2.331,6311,98790,-53050000,-809200000,-12370000000,1004000000000,7287000000,111500000000,3445000000000000,Sad
10.68,0.1031,0.002459,175.2,0.001275,0.04627,0.05538,26.49,9.751,74.44,0.0002451,0.08211,0.379,0.2309,0.1939,0.1669,0.1271,0.1491,0.1076,0.1048,0,0.1144,18.18,1619,120600,21650000,0.7193,3643,44160,47480000,571100000,6864000000,1139000000000,5144000000,61860000000,1972000000000000,15.71,0.08957,0.001161,1677,0.002686,0.1078,0.6045,46.51,198.4,304.8,0.009388,-0.9395,0.09776,0.1374,0.08815,0.002977,0.04978,-0.00004349,0.05034,0.0394,0,0.2653,52.82,4488,423400,81970000,2.65,6314,73950,-53090000,-627300000,-7407000000,1005000000000,5654000000,66820000000,1681000000000000,Sad
5.603,0.0475,0.0007163,192.9,0.001234,0.04608,0.06305,14.84,13.59,117.5,0.0003317,0.02442,0.2321,0.2395,0.1462,0.1303,0.1543,0.1405,0.1133,0.0997,0,0.1024,10.54,1026,98210,19400000,0.8794,3643,32710,47430000,425000000,3806000000,1137000000000,3827000000,34290000000,817000000000000,12.99,0.07406,0.0006252,1701,0.003096,0.1212,0.5201,34.74,217.4,393.4,0.009253,-0.9665,0.4984,-0.04033,-0.02862,0.0625,0.03501,0.04855,0.0759,0.001854,0,0.27,39.99,2829,306900,55700000,2.701,6305,55980,-52980000,-471800000,-4198000000,1002000000000,4249000000,37830000000,710400000000000,Sad
5.5,0.04053,0.001825,220.2,0.001615,0.05955,0.05664,13.22,24.14,181.1,0.0002856,0.01941,0.189,0.3316,0.2145,0.1685,0.1494,0.108,0.1029,0.08937,0,0.1058,8.328,933.3,122400,23890000,0.8463,3643,21380,47430000,280300000,1656000000,1137000000000,2518000000,14880000000,236500000000000,13.04,0.07703,0.0008321,1736,0.00277,0.1071,0.5796,31.59,200.3,326.4,0.009254,-0.9738,0.7241,-0.09588,0.009049,0.06274,0.0212,0.03998,0.05063,0.04625,0,0.2048,26.79,1299,144200,25340000,2.049,6307,36850,-53010000,-310100000,-1812000000,1003000000000,2786000000,16300000000,201800000000000,Sad
10.04,0.09433,0.001251,205.8,0.001444,0.05386,0.05497,24.48,23.54,132.1,0.0002241,0.06364,0.3187,0.2511,0.1924,0.1695,0.1781,0.157,0.1453,0.1268,0,0.129,14.96,1307,91570,19260000,0.9696,3645,44700,47450000,584000000,7182000000,1138000000000,5255000000,64660000000,2121000000000000,19.92,0.1147,0.0009326,1742,0.003321,0.1316,0.5112,53.12,200.4,460.8,0.009353,-0.9229,0.2648,-0.0451,0.0752,0.06455,0.1265,0.01932,0.07314,0.006791,0,0.3178,54.33,3965,353900,66230000,3.18,6304,76880,-52990000,-647200000,-7898000000,1003000000000,5822000000,71110000000,1835000000000000,Sad
10.47,0.09072,0.0007283,203.7,0.0009107,0.03386,0.05109,26.25,21.23,54.45,0.0002779,0.06493,0.1935,0.2287,0.1898,0.1624,0.15,0.1598,0.1192,0.1154,0,0.0745,11.33,801.3,64070,12480000,0.5571,3644,31850,47490000,431400000,3908000000,1139000000000,3884000000,35200000000,874200000000000,19.27,0.1211,0.0004429,1703,0.002033,0.08042,0.5478,49.91,207.1,177.4,0.009351,-0.9367,0.5896,-0.2625,0.1061,0.0361,0.01983,0.01238,0.0967,0.05236,0,0.1877,41.38,2291,208600,36010000,1.878,6311,60520,-53070000,-497600000,-4671000000,1005000000000,4481000000,42100000000,805500000000000,Sad
17.94,0.1867,0.0006345,271.3,0.0008828,0.03243,0.05853,40.91,32.01,44.24,0.0003424,0.1412,0.4047,0.2596,0.1798,0.1983,0.1641,0.1689,0.1456,0.1347,0,0.06867,21.31,1706,122100,22610000,0.4624,3644,43080,47480000,579500000,7074000000,1139000000000,5199000000,63500000000,2132000000000000,22.99,0.1457,0.0003695,1697,0.00184,0.07265,0.5053,56.4,194.6,148.9,0.009157,-0.9,0.2708,0.08248,0.09493,0.1233,0.06268,0.02526,0.05743,0.02643,0,0.165,54.38,4092,365900,71990000,1.651,6311,78550,-53060000,-652000000,-8014000000,1004000000000,5847000000,71920000000,1846000000000000,Sad
17.62,0.1417,0.0006682,208.5,0.0009641,0.03596,0.06024,37.79,20.76,58.04,0.0002945,0.1459,0.364,0.2847,0.1986,0.1733,0.1624,0.1536,0.1343,0.124,0,0.09897,19.91,1600,143900,24910000,0.6823,3644,46320,47300000,590000000,7352000000,1132000000000,5306000000,66160000000,2160000000000000,21.34,0.129,0.0005572,1674,0.002229,0.08907,0.4829,55.75,211.4,211.4,0.009306,-0.9103,0.3058,-0.1113,0.09635,0.06188,0.0486,0.03773,0.1002,0.08109,0,0.2201,53.15,3685,307300,60350000,2.206,6285,76530,-52740000,-649300000,-7992000000,996100000000,5829000000,71800000000,1882000000000000,Sad
7.887,0.07362,0.0007196,204.7,0.001307,0.04723,0.08338,21.88,14.06,100.7,0.0004844,0.04011,0.1912,0.2341,0.1523,0.139,0.1399,0.1173,0.1199,0.1078,0,0.07048,12.41,952.7,89720,17840000,0.5561,3645,28890,47470000,386600000,3144000000,1139000000000,3478000000,28310000000,628600000000000,12.74,0.08284,0.0004486,1692,0.002253,0.08756,0.544,34.13,218.4,227,0.009551,-0.9632,0.5308,-0.1211,-0.001492,0.02284,0.02812,0.0583,0.06389,0.03688,0,0.1724,37.79,2442,247100,43990000,1.727,6307,53170,-53010000,-440200000,-3655000000,1003000000000,3961000000,32920000000,563800000000000,Sad
22.42,0.1682,0.0003014,226.6,0.0007358,0.02831,0.06311,47.1,4.8,41.35,0.001054,0.1586,0.2646,0.253,0.2042,0.1789,0.1654,0.1589,0.1508,0.1418,0,0.07284,20.34,1057,106300,17260000,0.565,3645,42870,47450000,591700000,7343000000,1138000000000,5329000000,66160000000,2261000000000000,25.37,0.1656,0.0001934,1726,0.00134,0.05344,0.5299,63.43,220.3,81.93,0.009775,-0.8771,0.3691,-0.2064,0.1336,-0.02716,0.1182,0.05792,0.03278,0.05617,0,0.1323,54.98,3375,260500,50080000,1.324,6305,84420,-52990000,-687700000,-8953000000,1003000000000,6194000000,80680000000,2121000000000000,Sad
13.88,0.1263,0.0004742,241.5,0.0007796,0.02882,0.06374,31.38,26.2,35,0.000302,0.1057,0.27,0.2494,0.1943,0.1736,0.1638,0.1679,0.1376,0.1253,0,0.06371,15.91,1114,87850,15820000,0.3753,3645,45240,47490000,591200000,7357000000,1140000000000,5325000000,66290000000,2200000000000000,20.55,0.1292,0.00031,1675,0.001568,0.06232,0.5374,54.53,201,107.7,0.009329,-0.9152,0.3031,-0.1903,0.2093,0.0231,0.04658,0.07018,0.07272,0.06167,0,0.1487,54.54,3690,288500,53880000,1.486,6310,76890,-53060000,-649500000,-7948000000,1004000000000,5849000000,71610000000,1866000000000000,Sad
15.08,0.1478,0.004789,233.5,0.00249,0.0927,0.0651,36.92,28.92,473.8,0.0003351,0.1038,0.3226,0.2888,0.1778,0.1578,0.1361,0.1547,0.1375,0.1246,0,0.206,18.33,1291,102800,17940000,1.478,3648,47410,47610000,629400000,8314000000,1144000000000,5677000000,75020000000,2671000000000000,22.93,0.1518,0.002499,1736,0.004505,0.1801,0.5431,62.07,195.3,949.2,0.00937,-0.8943,0.1834,-0.06943,0.1291,0.02203,0.08709,0.0399,0.06238,0.02417,0,0.4407,58.87,4359,341300,66950000,4.408,6321,85190,-53210000,-710900000,-9493000000,1008000000000,6412000000,85690000000,2379000000000000,Sad
5.764,0.04623,0.001276,225.7,0.001483,0.05706,0.05922,14.38,9.317,296,0.0002358,0.02934,0.2357,0.2557,0.2054,0.146,0.147,0.1521,0.153,0.11,0,0.1576,12.13,1064,96780,17910000,1.436,3645,29730,47490000,377200000,2992000000,1139000000000,3396000000,26950000000,561600000000000,15.68,0.08638,0.001051,1729,0.004016,0.156,0.5004,36.68,218.1,672.4,0.009299,-0.9644,0.6428,0.05396,0.1041,0.03336,-0.005953,-0.02499,0.04337,0.03307,0,0.325,35.46,2182,237500,41800000,3.251,6310,48410,-53050000,-413500000,-3223000000,1004000000000,3721000000,29030000000,483900000000000,Sad
13.47,0.1267,0.002139,263.7,0.001306,0.04665,0.04615,29.72,15.94,85.14,0.0001113,0.1172,0.2692,0.1911,0.2334,0.1719,0.1874,0.177,0.1569,0.1475,0,0.1311,15.95,1152,84210,16530000,0.8567,3643,47300,46850000,607400000,7872000000,1114000000000,5450000000,70660000000,2431000000000000,23.11,0.1423,0.001623,1792,0.003914,0.1582,0.5485,60.8,215.4,666.4,0.00914,-0.8921,0.2173,-0.1179,0.1609,0.002749,0.1052,-0.009421,0.02252,0.0145,0,0.4189,57.76,4087,324900,61150000,4.191,6223,79560,-51960000,-667000000,-8556000000,976500000000,5972000000,76660000000,2080000000000000,Sad
22.41,0.2116,0.001635,316.1,0.001432,0.05445,0.04856,51.18,24.09,141.9,0.0002713,0.2032,0.3032,0.2833,0.1902,0.1471,0.1601,0.1532,0.1636,0.1494,0,0.1614,20.31,1330,111200,16720000,0.897,3644,53940,46700000,704600000,10630000000,1108000000000,6322000000,95360000000,3857000000000000,28.23,0.2021,0.001122,1733,0.003008,0.1231,0.5158,77.09,210.6,428.6,0.009244,-0.8272,0.06428,-0.1951,0.1621,0.04816,-0.008993,0.02791,0.03092,0.00055,0,0.3362,65.61,4754,316900,66990000,3.365,6198,95880,-51650000,-790300000,-12090000000,969000000000,7079000000,108300000000,3425000000000000,Sad
